tag,true_label,cp_prediction,prediction_set,final_decision,fault_evidence,slow_gate_open,transient_gate_open,max_E_bar,transient_score
20260301_204447_w40_lp0_seed0_healthy_r0,healthy,ld_mismatch,ld_mismatch,uncertain,0,0,0,4.156414140692143,-3.174252144826933
20260301_204447_w40_lp0_seed0_healthy_r1,healthy,healthy,healthy,healthy,0,0,0,3.802596003945644,-3.2526032732794823
20260301_204447_w40_lp0_seed0_healthy_r2,healthy,healthy,healthy,healthy,0,0,0,3.8465221209283467,-3.238901444789734
20260301_204447_w40_lp0_seed0_rs_drift_p02,rs_drift,rs_drift,rs_drift,rs_drift,1,1,1,295.0104787872228,-1.0191502442794775
20260301_204447_w40_lp0_seed0_rs_drift_p05,rs_drift,rs_drift,rs_drift,rs_drift,1,1,1,1788.7964941245798,1.6427718330236019
20260301_204447_w40_lp0_seed0_rs_drift_p08,rs_drift,rs_drift,rs_drift,rs_drift,1,1,1,4573.570704347602,3.3235903976152
20260301_204447_w40_lp0_seed0_rs_drift_p10,rs_drift,rs_drift,rs_drift,rs_drift,1,1,1,7144.6415366110905,4.160504713277528
20260301_204447_w40_lp0_seed0_rs_drift_p15,rs_drift,rs_drift,rs_drift,rs_drift,1,1,1,16075.489561737339,5.714171656866557
20260301_204447_w40_lp0_seed0_rs_drift_p20,rs_drift,rs_drift,rs_drift,rs_drift,1,1,1,28591.05326608534,6.82897496985753
20260301_204447_w40_lp0_seed0_rs_drift_p30,rs_drift,rs_drift,rs_drift,rs_drift,1,1,1,64391.628153499354,8.403117449801632
20260301_204447_w40_lp0_seed0_rs_drift_p40,rs_drift,rs_drift,rs_drift,rs_drift,1,1,1,114582.92918081852,9.515777131497478
20260301_204447_w40_lp0_seed0_ld_mismatch_m20,ld_mismatch,ld_mismatch,ld_mismatch,uncertain,0,0,0,4.156414140692143,-3.174252144826933
20260301_204447_w40_lp0_seed0_ld_mismatch_m10,ld_mismatch,ld_mismatch,ld_mismatch,uncertain,0,0,0,4.156414140692143,-3.174252144826933
20260301_204447_w40_lp0_seed0_ld_mismatch_m05,ld_mismatch,ld_mismatch,ld_mismatch,uncertain,0,0,0,4.156414140692143,-3.174252144826933
20260301_204447_w40_lp0_seed0_ld_mismatch_p05,ld_mismatch,ld_mismatch,ld_mismatch,uncertain,0,0,0,4.156414140692143,-3.174252144826933
20260301_204447_w40_lp0_seed0_ld_mismatch_p10,ld_mismatch,ld_mismatch,ld_mismatch,uncertain,0,0,0,4.156414140692143,-3.174252144826933
20260301_204447_w40_lp0_seed0_ld_mismatch_p20,ld_mismatch,ld_mismatch,ld_mismatch,uncertain,0,0,0,4.156414140692143,-3.174252144826933
20260301_204447_w40_lp0_seed1_healthy_r0,healthy,ld_mismatch,ld_mismatch,uncertain,0,0,0,3.9605874259335216,-3.1808071399751667
20260301_204447_w40_lp0_seed1_healthy_r1,healthy,healthy,healthy,healthy,0,0,0,3.879320265365533,-3.192241776158226
20260301_204447_w40_lp0_seed1_healthy_r2,healthy,healthy,healthy,healthy,1,1,0,3.9779257839778985,-3.1392347687831608
20260301_204447_w40_lp0_seed1_rs_drift_p02,rs_drift,rs_drift,rs_drift,rs_drift,1,1,1,293.25256398051016,-1.0067733648860364
20260301_204447_w40_lp0_seed1_rs_drift_p05,rs_drift,rs_drift,rs_drift,rs_drift,1,1,1,1795.8494435878126,1.6448996522438968
20260301_204447_w40_lp0_seed1_rs_drift_p08,rs_drift,rs_drift,rs_drift,rs_drift,1,1,1,4580.510167721978,3.323468199195799
20260301_204447_w40_lp0_seed1_rs_drift_p10,rs_drift,rs_drift,rs_drift,rs_drift,1,1,1,7152.2362727028785,4.15989969425418
20260301_204447_w40_lp0_seed1_rs_drift_p15,rs_drift,rs_drift,rs_drift,rs_drift,1,1,1,16082.85619307835,5.713199149779089
20260301_204447_w40_lp0_seed1_rs_drift_p20,rs_drift,rs_drift,rs_drift,rs_drift,1,1,1,28593.607201335883,6.827947723580978
20260301_204447_w40_lp0_seed1_rs_drift_p30,rs_drift,rs_drift,rs_drift,rs_drift,1,1,1,64392.07331543739,8.402127283607848
20260301_204447_w40_lp0_seed1_rs_drift_p40,rs_drift,rs_drift,rs_drift,rs_drift,1,1,1,114579.5629495825,9.514843855997244
20260301_204447_w40_lp0_seed1_ld_mismatch_m20,ld_mismatch,ld_mismatch,ld_mismatch,uncertain,0,0,0,3.9605874259335216,-3.1808071399751667
20260301_204447_w40_lp0_seed1_ld_mismatch_m10,ld_mismatch,ld_mismatch,ld_mismatch,uncertain,0,0,0,3.9605874259335216,-3.1808071399751667
20260301_204447_w40_lp0_seed1_ld_mismatch_m05,ld_mismatch,ld_mismatch,ld_mismatch,uncertain,0,0,0,3.9605874259335216,-3.1808071399751667
20260301_204447_w40_lp0_seed1_ld_mismatch_p05,ld_mismatch,ld_mismatch,ld_mismatch,uncertain,0,0,0,3.9605874259335216,-3.1808071399751667
20260301_204447_w40_lp0_seed1_ld_mismatch_p10,ld_mismatch,ld_mismatch,ld_mismatch,uncertain,0,0,0,3.9605874259335216,-3.1808071399751667
20260301_204447_w40_lp0_seed1_ld_mismatch_p20,ld_mismatch,ld_mismatch,ld_mismatch,uncertain,0,0,0,3.9605874259335216,-3.1808071399751667
20260301_204447_w40_lp2_seed2_healthy_r0,healthy,ld_mismatch,ld_mismatch,uncertain,0,0,0,4.0144424138694035,-3.2084691531199008
20260301_204447_w40_lp2_seed2_healthy_r1,healthy,healthy,healthy,healthy,0,0,0,3.9315894782717016,-3.165275978776185
20260301_204447_w40_lp2_seed2_healthy_r2,healthy,healthy,healthy,healthy,0,0,0,3.919368085820897,-3.1821261382094805
20260301_204447_w40_lp2_seed2_rs_drift_p02,rs_drift,rs_drift,rs_drift,rs_drift,1,1,1,314.20861386023944,-0.7146149237124875
20260301_204447_w40_lp2_seed2_rs_drift_p05,rs_drift,rs_drift,rs_drift,rs_drift,1,1,1,1932.1620172860682,2.112542516211429
20260301_204447_w40_lp2_seed2_rs_drift_p08,rs_drift,rs_drift,rs_drift,rs_drift,1,1,1,4930.235549797616,3.840137313512525
20260301_204447_w40_lp2_seed2_rs_drift_p10,rs_drift,rs_drift,rs_drift,rs_drift,1,1,1,7695.400280546449,4.690852588655127
20260301_204447_w40_lp2_seed2_rs_drift_p15,rs_drift,rs_drift,rs_drift,rs_drift,1,1,1,17287.82280621215,6.260667494360885
20260301_204447_w40_lp2_seed2_rs_drift_p20,rs_drift,rs_drift,rs_drift,rs_drift,1,1,1,30707.10505992271,7.382616766040936
20260301_204447_w40_lp2_seed2_rs_drift_p30,rs_drift,rs_drift,rs_drift,rs_drift,1,1,1,68999.45400870893,8.963813858009784
20260301_204447_w40_lp2_seed2_rs_drift_p40,rs_drift,rs_drift,rs_drift,rs_drift,1,1,1,122521.67214170514,10.080516109417925
20260301_204447_w40_lp2_seed2_ld_mismatch_m20,ld_mismatch,ld_mismatch,ld_mismatch,uncertain,0,0,0,4.0144424138694035,-3.2084691531199008
20260301_204447_w40_lp2_seed2_ld_mismatch_m10,ld_mismatch,ld_mismatch,ld_mismatch,uncertain,0,0,0,4.0144424138694035,-3.2084691531199008
20260301_204447_w40_lp2_seed2_ld_mismatch_m05,ld_mismatch,ld_mismatch,ld_mismatch,uncertain,0,0,0,4.0144424138694035,-3.2084691531199008
20260301_204447_w40_lp2_seed2_ld_mismatch_p05,ld_mismatch,ld_mismatch,ld_mismatch,uncertain,0,0,0,4.0144424138694035,-3.2084691531199008
20260301_204447_w40_lp2_seed2_ld_mismatch_p10,ld_mismatch,ld_mismatch,ld_mismatch,uncertain,0,0,0,4.0144424138694035,-3.2084691531199008
20260301_204447_w40_lp2_seed2_ld_mismatch_p20,ld_mismatch,ld_mismatch,ld_mismatch,uncertain,0,0,0,4.0144424138694035,-3.2084691531199008
20260301_204447_w50_lp1_seed0_healthy_r0,healthy,ld_mismatch,ld_mismatch,uncertain,0,0,0,4.156414140692143,-3.174252144826933
20260301_204447_w50_lp1_seed0_healthy_r1,healthy,healthy,healthy,healthy,0,0,0,3.8025960039456432,-3.2526032732794823
20260301_204447_w50_lp1_seed0_healthy_r2,healthy,healthy,healthy,healthy,0,0,0,3.8465221209282525,-3.238901444789734
20260301_204447_w50_lp1_seed0_rs_drift_p02,rs_drift,rs_drift,rs_drift,rs_drift,1,1,1,199.6202884474057,-1.3405507595157404
20260301_204447_w50_lp1_seed0_rs_drift_p05,rs_drift,rs_drift,rs_drift,rs_drift,1,1,1,1193.3509931957701,1.280916126063091
20260301_204447_w50_lp1_seed0_rs_drift_p08,rs_drift,rs_drift,rs_drift,rs_drift,1,1,1,3027.2654866569655,2.9619111747807123
20260301_204447_w50_lp1_seed0_rs_drift_p10,rs_drift,rs_drift,rs_drift,rs_drift,1,1,1,4717.216894218862,3.799543265094348
20260301_204447_w50_lp1_seed0_rs_drift_p15,rs_drift,rs_drift,rs_drift,rs_drift,1,1,1,10597.15519345085,5.35452965944228
20260301_204447_w50_lp1_seed0_rs_drift_p20,rs_drift,rs_drift,rs_drift,rs_drift,1,1,1,18847.225690666033,6.470173368573901
20260301_204447_w50_lp1_seed0_rs_drift_p30,rs_drift,rs_drift,rs_drift,rs_drift,1,1,1,42454.585743447526,8.045350899332625
20260301_204447_w50_lp1_seed0_rs_drift_p40,rs_drift,rs_drift,rs_drift,rs_drift,1,1,1,75572.05635764559,9.158578527811109
20260301_204447_w50_lp1_seed0_ld_mismatch_m20,ld_mismatch,ld_mismatch,ld_mismatch,uncertain,0,0,0,4.156414140692143,-3.174252144826933
20260301_204447_w50_lp1_seed0_ld_mismatch_m10,ld_mismatch,ld_mismatch,ld_mismatch,uncertain,0,0,0,4.156414140692143,-3.174252144826933
20260301_204447_w50_lp1_seed0_ld_mismatch_m05,ld_mismatch,ld_mismatch,ld_mismatch,uncertain,0,0,0,4.156414140692143,-3.174252144826933
20260301_204447_w50_lp1_seed0_ld_mismatch_p05,ld_mismatch,ld_mismatch,ld_mismatch,uncertain,0,0,0,4.156414140692143,-3.174252144826933
20260301_204447_w50_lp1_seed0_ld_mismatch_p10,ld_mismatch,ld_mismatch,ld_mismatch,uncertain,0,0,0,4.156414140692143,-3.174252144826933
20260301_204447_w50_lp1_seed0_ld_mismatch_p20,ld_mismatch,ld_mismatch,ld_mismatch,uncertain,0,0,0,4.156414140692143,-3.174252144826933
20260301_204447_w50_lp2_seed2_healthy_r0,healthy,ld_mismatch,ld_mismatch,uncertain,0,0,0,4.0144424138694035,-3.2084691531199008
20260301_204447_w50_lp2_seed2_healthy_r1,healthy,healthy,healthy,healthy,0,0,0,3.931589478271732,-3.165275978776185
20260301_204447_w50_lp2_seed2_healthy_r2,healthy,healthy,healthy,healthy,0,0,0,3.9193680858208966,-3.1821261382094805
20260301_204447_w50_lp2_seed2_rs_drift_p02,rs_drift,rs_drift,rs_drift,rs_drift,1,1,1,299.7755969961438,-0.4462182127622645
20260301_204447_w50_lp2_seed2_rs_drift_p05,rs_drift,rs_drift,rs_drift,rs_drift,1,1,1,1842.2426405531062,2.5843067071794987
20260301_204447_w50_lp2_seed2_rs_drift_p08,rs_drift,rs_drift,rs_drift,rs_drift,1,1,1,4700.016806512851,4.3592097808051555
20260301_204447_w50_lp2_seed2_rs_drift_p10,rs_drift,rs_drift,rs_drift,rs_drift,1,1,1,7335.547746169099,5.22186119714145
20260301_204447_w50_lp2_seed2_rs_drift_p15,rs_drift,rs_drift,rs_drift,rs_drift,1,1,1,16477.08629884365,6.802917006422556
20260301_204447_w50_lp2_seed2_rs_drift_p20,rs_drift,rs_drift,rs_drift,rs_drift,1,1,1,29263.27780701987,7.927697671369012
20260301_204447_w50_lp2_seed2_rs_drift_p30,rs_drift,rs_drift,rs_drift,rs_drift,1,1,1,65740.17414147186,9.508574011025665
20260301_204447_w50_lp2_seed2_rs_drift_p40,rs_drift,rs_drift,rs_drift,rs_drift,1,1,1,116708.44668347042,10.622875947525722
20260301_204447_w50_lp2_seed2_ld_mismatch_m20,ld_mismatch,ld_mismatch,ld_mismatch,uncertain,0,0,0,4.0144424138694035,-3.2084691531199008
20260301_204447_w50_lp2_seed2_ld_mismatch_m10,ld_mismatch,ld_mismatch,ld_mismatch,uncertain,0,0,0,4.0144424138694035,-3.2084691531199008
20260301_204447_w50_lp2_seed2_ld_mismatch_m05,ld_mismatch,ld_mismatch,ld_mismatch,uncertain,0,0,0,4.0144424138694035,-3.2084691531199008
20260301_204447_w50_lp2_seed2_ld_mismatch_p05,ld_mismatch,ld_mismatch,ld_mismatch,uncertain,0,0,0,4.0144424138694035,-3.2084691531199008
20260301_204447_w50_lp2_seed2_ld_mismatch_p10,ld_mismatch,ld_mismatch,ld_mismatch,uncertain,0,0,0,4.0144424138694035,-3.2084691531199008
20260301_204447_w50_lp2_seed2_ld_mismatch_p20,ld_mismatch,ld_mismatch,ld_mismatch,uncertain,0,0,0,4.0144424138694035,-3.2084691531199008
20260301_204447_w60_lp2_seed0_healthy_r0,healthy,ld_mismatch,ld_mismatch,uncertain,0,0,0,4.156414140691977,-3.1742521448269336
20260301_204447_w60_lp2_seed0_healthy_r1,healthy,healthy,healthy,healthy,0,0,0,3.8025960039456614,-3.2526032732794823
20260301_204447_w60_lp2_seed0_healthy_r2,healthy,healthy,healthy,healthy,0,0,0,3.8465221209282525,-3.238901444789734
20260301_204447_w60_lp2_seed0_rs_drift_p02,rs_drift,rs_drift,rs_drift,rs_drift,1,1,1,281.9235782241089,-0.16505027353868235
20260301_204447_w60_lp2_seed0_rs_drift_p05,rs_drift,rs_drift,rs_drift,rs_drift,1,1,1,1741.5684048127387,2.9799851093847405
20260301_204447_w60_lp2_seed0_rs_drift_p08,rs_drift,rs_drift,rs_drift,rs_drift,1,1,1,4454.467735258144,4.774769870290294
20260301_204447_w60_lp2_seed0_rs_drift_p10,rs_drift,rs_drift,rs_drift,rs_drift,1,1,1,6957.845178447198,5.641697434024037
20260301_204447_w60_lp2_seed0_rs_drift_p15,rs_drift,rs_drift,rs_drift,rs_drift,1,1,1,15644.711665791418,7.2258539556849914
20260301_204447_w60_lp2_seed0_rs_drift_p20,rs_drift,rs_drift,rs_drift,rs_drift,1,1,1,27794.991742174352,8.35060266581919
20260301_204447_w60_lp2_seed0_rs_drift_p30,rs_drift,rs_drift,rs_drift,rs_drift,1,1,1,62456.33523810428,9.929510694587075
20260301_204447_w60_lp2_seed0_rs_drift_p40,rs_drift,rs_drift,rs_drift,rs_drift,1,1,1,110884.46040249117,11.041352210715875
20260301_204447_w60_lp2_seed0_ld_mismatch_m20,ld_mismatch,ld_mismatch,ld_mismatch,uncertain,0,0,0,4.156414140691977,-3.1742521448269336
20260301_204447_w60_lp2_seed0_ld_mismatch_m10,ld_mismatch,ld_mismatch,ld_mismatch,uncertain,0,0,0,4.156414140691977,-3.1742521448269336
20260301_204447_w60_lp2_seed0_ld_mismatch_m05,ld_mismatch,ld_mismatch,ld_mismatch,uncertain,0,0,0,4.156414140691977,-3.1742521448269336
20260301_204447_w60_lp2_seed0_ld_mismatch_p05,ld_mismatch,ld_mismatch,ld_mismatch,uncertain,0,0,0,4.156414140691977,-3.1742521448269336
20260301_204447_w60_lp2_seed0_ld_mismatch_p10,ld_mismatch,ld_mismatch,ld_mismatch,uncertain,0,0,0,4.156414140691977,-3.1742521448269336
20260301_204447_w60_lp2_seed0_ld_mismatch_p20,ld_mismatch,ld_mismatch,ld_mismatch,uncertain,0,0,0,4.156414140691977,-3.1742521448269336
