tag,true_label,cp_prediction,prediction_set,max_probability,final_decision,fault_evidence,slow_gate_open,transient_gate_open,max_E_bar,transient_score,split_seed
20260301_204447_w40_lp1_seed2_healthy_r0,healthy,ld_mismatch,ld_mismatch,0.7648679936144663,uncertain,0,0,0,4.0154563877481095,-3.208469153119901,0
20260301_204447_w40_lp1_seed2_healthy_r1,healthy,healthy,healthy,0.9783639692975541,healthy,0,0,0,3.9318617215313956,-3.165275978776185,0
20260301_204447_w40_lp1_seed2_healthy_r2,healthy,healthy,healthy,0.9420590027160667,healthy,0,0,0,3.9211348914858375,-3.18212613820948,0
20260301_204447_w40_lp1_seed2_rs_drift_p02,rs_drift,rs_drift,rs_drift,0.99,rs_drift,1,1,1,203.77211965946597,-1.598307117918182,0
20260301_204447_w40_lp1_seed2_rs_drift_p05,rs_drift,rs_drift,rs_drift,1.0,rs_drift,1,1,1,1243.92195835939,0.7945568804301061,0
20260301_204447_w40_lp1_seed2_rs_drift_p08,rs_drift,rs_drift,rs_drift,1.0,rs_drift,1,1,1,3171.660368743511,2.4003427644259565,0
20260301_204447_w40_lp1_seed2_rs_drift_p10,rs_drift,rs_drift,rs_drift,1.0,rs_drift,1,1,1,4950.477532910017,3.2166566645323322,0
20260301_204447_w40_lp1_seed2_rs_drift_p15,rs_drift,rs_drift,rs_drift,1.0,rs_drift,1,1,1,11127.77714125868,4.749639216600388,0
20260301_204447_w40_lp1_seed2_rs_drift_p20,rs_drift,rs_drift,rs_drift,1.0,rs_drift,1,1,1,19782.670525841215,5.858142556804509,0
20260301_204447_w40_lp1_seed2_rs_drift_p30,rs_drift,rs_drift,rs_drift,1.0,rs_drift,1,1,1,44544.59927002879,7.429842895208819,0
20260301_204447_w40_lp1_seed2_rs_drift_p40,rs_drift,rs_drift,rs_drift,1.0,rs_drift,1,1,1,79279.99131563681,8.543369724588569,0
20260301_204447_w40_lp1_seed2_ld_mismatch_m20,ld_mismatch,ld_mismatch,ld_mismatch,0.7648679936144663,uncertain,0,0,0,4.0154563877481095,-3.208469153119901,0
20260301_204447_w40_lp1_seed2_ld_mismatch_m10,ld_mismatch,ld_mismatch,ld_mismatch,0.7648679936144663,uncertain,0,0,0,4.0154563877481095,-3.208469153119901,0
20260301_204447_w40_lp1_seed2_ld_mismatch_m05,ld_mismatch,ld_mismatch,ld_mismatch,0.7648679936144663,uncertain,0,0,0,4.0154563877481095,-3.208469153119901,0
20260301_204447_w40_lp1_seed2_ld_mismatch_p05,ld_mismatch,ld_mismatch,ld_mismatch,0.7648679936144663,uncertain,0,0,0,4.0154563877481095,-3.208469153119901,0
20260301_204447_w40_lp1_seed2_ld_mismatch_p10,ld_mismatch,ld_mismatch,ld_mismatch,0.7648679936144663,uncertain,0,0,0,4.0154563877481095,-3.208469153119901,0
20260301_204447_w40_lp1_seed2_ld_mismatch_p20,ld_mismatch,ld_mismatch,ld_mismatch,0.7648679936144663,uncertain,0,0,0,4.0154563877481095,-3.208469153119901,0
20260301_204447_w50_lp0_seed2_healthy_r0,healthy,ld_mismatch,ld_mismatch,0.7648679936144663,uncertain,0,0,0,4.015456387748112,-3.208469153119901,0
20260301_204447_w50_lp0_seed2_healthy_r1,healthy,healthy,healthy,0.9783639692975541,healthy,0,0,0,3.9318617215313956,-3.165275978776185,0
20260301_204447_w50_lp0_seed2_healthy_r2,healthy,healthy,healthy,0.9420590027160667,healthy,0,0,0,3.9211348914858375,-3.1821261382094805,0
20260301_204447_w50_lp0_seed2_rs_drift_p02,rs_drift,rs_drift,rs_drift,1.0,rs_drift,1,1,1,279.7540980833137,-0.818491108969926,0
20260301_204447_w50_lp0_seed2_rs_drift_p05,rs_drift,rs_drift,rs_drift,1.0,rs_drift,1,1,1,1716.1876847278293,2.083266487740954,0
20260301_204447_w50_lp0_seed2_rs_drift_p08,rs_drift,rs_drift,rs_drift,1.0,rs_drift,1,1,1,4379.852160715899,3.8320335878741227,0
20260301_204447_w50_lp0_seed2_rs_drift_p10,rs_drift,rs_drift,rs_drift,1.0,rs_drift,1,1,1,6837.810479629991,4.68780667904243,0
20260301_204447_w50_lp0_seed2_rs_drift_p15,rs_drift,rs_drift,rs_drift,1.0,rs_drift,1,1,1,15371.95247284941,6.261277911391005,0
20260301_204447_w50_lp0_seed2_rs_drift_p20,rs_drift,rs_drift,rs_drift,1.0,rs_drift,1,1,1,27322.556385883614,7.38278432641124,0
20260301_204447_w50_lp0_seed2_rs_drift_p30,rs_drift,rs_drift,rs_drift,1.0,rs_drift,1,1,1,61490.4603523575,8.960262013308562,0
20260301_204447_w50_lp0_seed2_rs_drift_p40,rs_drift,rs_drift,rs_drift,1.0,rs_drift,1,1,1,109376.66411092764,10.072395039102624,0
20260301_204447_w50_lp0_seed2_ld_mismatch_m20,ld_mismatch,ld_mismatch,ld_mismatch,0.7648679936144663,uncertain,0,0,0,4.015456387748112,-3.208469153119901,0
20260301_204447_w50_lp0_seed2_ld_mismatch_m10,ld_mismatch,ld_mismatch,ld_mismatch,0.7648679936144663,uncertain,0,0,0,4.015456387748112,-3.208469153119901,0
20260301_204447_w50_lp0_seed2_ld_mismatch_m05,ld_mismatch,ld_mismatch,ld_mismatch,0.7648679936144663,uncertain,0,0,0,4.015456387748112,-3.208469153119901,0
20260301_204447_w50_lp0_seed2_ld_mismatch_p05,ld_mismatch,ld_mismatch,ld_mismatch,0.7648679936144663,uncertain,0,0,0,4.015456387748112,-3.208469153119901,0
20260301_204447_w50_lp0_seed2_ld_mismatch_p10,ld_mismatch,ld_mismatch,ld_mismatch,0.7648679936144663,uncertain,0,0,0,4.015456387748112,-3.208469153119901,0
20260301_204447_w50_lp0_seed2_ld_mismatch_p20,ld_mismatch,ld_mismatch,ld_mismatch,0.7648679936144663,uncertain,0,0,0,4.015456387748112,-3.208469153119901,0
20260301_204447_w50_lp1_seed2_healthy_r0,healthy,ld_mismatch,ld_mismatch,0.7648679936144663,uncertain,0,0,0,4.0154563877481095,-3.2084691531199008,0
20260301_204447_w50_lp1_seed2_healthy_r1,healthy,healthy,healthy,0.9783639692975541,healthy,0,0,0,3.9318617215313956,-3.165275978776185,0
20260301_204447_w50_lp1_seed2_healthy_r2,healthy,healthy,healthy,0.9420590027160667,healthy,0,0,0,3.9211348914858357,-3.1821261382094805,0
20260301_204447_w50_lp1_seed2_rs_drift_p02,rs_drift,rs_drift,rs_drift,1.0,rs_drift,1,1,1,194.3788802927179,-1.3862355176986314,0
20260301_204447_w50_lp1_seed2_rs_drift_p05,rs_drift,rs_drift,rs_drift,1.0,rs_drift,1,1,1,1185.4989925185937,1.2559249556944452,0
20260301_204447_w50_lp1_seed2_rs_drift_p08,rs_drift,rs_drift,rs_drift,1.0,rs_drift,1,1,1,3022.1806406464198,2.9463221465676925,0
20260301_204447_w50_lp1_seed2_rs_drift_p10,rs_drift,rs_drift,rs_drift,1.0,rs_drift,1,1,1,4716.884469297839,3.7872315707210173,0
20260301_204447_w50_lp1_seed2_rs_drift_p15,rs_drift,rs_drift,rs_drift,1.0,rs_drift,1,1,1,10601.709640592851,5.3464965276974095,0
20260301_204447_w50_lp1_seed2_rs_drift_p20,rs_drift,rs_drift,rs_drift,1.0,rs_drift,1,1,1,18845.517563971705,6.464184372776394,0
20260301_204447_w50_lp1_seed2_rs_drift_p30,rs_drift,rs_drift,rs_drift,1.0,rs_drift,1,1,1,42429.935228069306,8.041313986926832,0
20260301_204447_w50_lp1_seed2_rs_drift_p40,rs_drift,rs_drift,rs_drift,1.0,rs_drift,1,1,1,75509.2221523734,9.155481174582793,0
20260301_204447_w50_lp1_seed2_ld_mismatch_m20,ld_mismatch,ld_mismatch,ld_mismatch,0.7648679936144663,uncertain,0,0,0,4.0154563877481095,-3.2084691531199008,0
20260301_204447_w50_lp1_seed2_ld_mismatch_m10,ld_mismatch,ld_mismatch,ld_mismatch,0.7648679936144663,uncertain,0,0,0,4.0154563877481095,-3.2084691531199008,0
20260301_204447_w50_lp1_seed2_ld_mismatch_m05,ld_mismatch,ld_mismatch,ld_mismatch,0.7648679936144663,uncertain,0,0,0,4.0154563877481095,-3.2084691531199008,0
20260301_204447_w50_lp1_seed2_ld_mismatch_p05,ld_mismatch,ld_mismatch,ld_mismatch,0.7648679936144663,uncertain,0,0,0,4.0154563877481095,-3.2084691531199008,0
20260301_204447_w50_lp1_seed2_ld_mismatch_p10,ld_mismatch,ld_mismatch,ld_mismatch,0.7648679936144663,uncertain,0,0,0,4.0154563877481095,-3.2084691531199008,0
20260301_204447_w50_lp1_seed2_ld_mismatch_p20,ld_mismatch,ld_mismatch,ld_mismatch,0.7648679936144663,uncertain,0,0,0,4.0154563877481095,-3.2084691531199008,0
20260301_204447_w50_lp2_seed1_healthy_r0,healthy,ld_mismatch,ld_mismatch,0.7570783080762973,uncertain,0,0,0,3.960874069585741,-3.1808071399751663,0
20260301_204447_w50_lp2_seed1_healthy_r1,healthy,healthy,healthy,0.9988888888888888,healthy,0,0,0,3.88104761660101,-3.192241776158226,0
20260301_204447_w50_lp2_seed1_healthy_r2,healthy,healthy,healthy,0.9979365079365079,healthy,1,1,0,3.9788331735606506,-3.139234768783161,0
20260301_204447_w50_lp2_seed1_rs_drift_p02,rs_drift,rs_drift,rs_drift,1.0,rs_drift,1,1,1,297.79431184388585,-0.39996438684741625,0
20260301_204447_w50_lp2_seed1_rs_drift_p05,rs_drift,rs_drift,rs_drift,1.0,rs_drift,1,1,1,1828.669957594471,2.6029005140898436,0
20260301_204447_w50_lp2_seed1_rs_drift_p08,rs_drift,rs_drift,rs_drift,1.0,rs_drift,1,1,1,4673.757426585121,4.369810742809639,0
20260301_204447_w50_lp2_seed1_rs_drift_p10,rs_drift,rs_drift,rs_drift,1.0,rs_drift,1,1,1,7299.833883695292,5.229976496167001,0
20260301_204447_w50_lp2_seed1_rs_drift_p15,rs_drift,rs_drift,rs_drift,1.0,rs_drift,1,1,1,16414.922516176786,6.807953231852492,0
20260301_204447_w50_lp2_seed1_rs_drift_p20,rs_drift,rs_drift,rs_drift,1.0,rs_drift,1,1,1,29167.033699564734,7.931315737883741,0
20260301_204447_w50_lp2_seed1_rs_drift_p30,rs_drift,rs_drift,rs_drift,1.0,rs_drift,1,1,1,65553.85776304903,9.510863925372073,0
20260301_204447_w50_lp2_seed1_rs_drift_p40,rs_drift,rs_drift,rs_drift,1.0,rs_drift,1,1,1,116404.21180118297,10.624536017365072,0
20260301_204447_w50_lp2_seed1_ld_mismatch_m20,ld_mismatch,ld_mismatch,ld_mismatch,0.7570783080762973,uncertain,0,0,0,3.960874069585741,-3.1808071399751663,0
20260301_204447_w50_lp2_seed1_ld_mismatch_m10,ld_mismatch,ld_mismatch,ld_mismatch,0.7570783080762973,uncertain,0,0,0,3.960874069585741,-3.1808071399751663,0
20260301_204447_w50_lp2_seed1_ld_mismatch_m05,ld_mismatch,ld_mismatch,ld_mismatch,0.7570783080762973,uncertain,0,0,0,3.960874069585741,-3.1808071399751663,0
20260301_204447_w50_lp2_seed1_ld_mismatch_p05,ld_mismatch,ld_mismatch,ld_mismatch,0.7570783080762973,uncertain,0,0,0,3.960874069585741,-3.1808071399751663,0
20260301_204447_w50_lp2_seed1_ld_mismatch_p10,ld_mismatch,ld_mismatch,ld_mismatch,0.7570783080762973,uncertain,0,0,0,3.960874069585741,-3.1808071399751663,0
20260301_204447_w50_lp2_seed1_ld_mismatch_p20,ld_mismatch,ld_mismatch,ld_mismatch,0.7570783080762973,uncertain,0,0,0,3.960874069585741,-3.1808071399751663,0
20260301_204447_w50_lp2_seed2_healthy_r0,healthy,ld_mismatch,ld_mismatch,0.7648679936144663,uncertain,0,0,0,4.015456387748112,-3.2084691531199008,0
20260301_204447_w50_lp2_seed2_healthy_r1,healthy,healthy,healthy,0.9783639692975541,healthy,0,0,0,3.9318617215313956,-3.165275978776185,0
20260301_204447_w50_lp2_seed2_healthy_r2,healthy,healthy,healthy,0.9420590027160667,healthy,0,0,0,3.9211348914858357,-3.1821261382094805,0
20260301_204447_w50_lp2_seed2_rs_drift_p02,rs_drift,rs_drift,rs_drift,1.0,rs_drift,1,1,1,299.24433625076915,-0.4462182127622645,0
20260301_204447_w50_lp2_seed2_rs_drift_p05,rs_drift,rs_drift,rs_drift,1.0,rs_drift,1,1,1,1838.9490802167666,2.5843067071794987,0
20260301_204447_w50_lp2_seed2_rs_drift_p08,rs_drift,rs_drift,rs_drift,1.0,rs_drift,1,1,1,4691.605425678892,4.3592097808051555,0
20260301_204447_w50_lp2_seed2_rs_drift_p10,rs_drift,rs_drift,rs_drift,1.0,rs_drift,1,1,1,7322.416532556869,5.22186119714145,0
20260301_204447_w50_lp2_seed2_rs_drift_p15,rs_drift,rs_drift,rs_drift,1.0,rs_drift,1,1,1,16447.584130962703,6.802917006422556,0
20260301_204447_w50_lp2_seed2_rs_drift_p20,rs_drift,rs_drift,rs_drift,1.0,rs_drift,1,1,1,29210.88040693962,7.927697671369012,0
20260301_204447_w50_lp2_seed2_rs_drift_p30,rs_drift,rs_drift,rs_drift,1.0,rs_drift,1,1,1,65622.45747067081,9.508574011025665,0
20260301_204447_w50_lp2_seed2_rs_drift_p40,rs_drift,rs_drift,rs_drift,1.0,rs_drift,1,1,1,116499.46529725357,10.622875947525722,0
20260301_204447_w50_lp2_seed2_ld_mismatch_m20,ld_mismatch,ld_mismatch,ld_mismatch,0.7648679936144663,uncertain,0,0,0,4.015456387748112,-3.2084691531199008,0
20260301_204447_w50_lp2_seed2_ld_mismatch_m10,ld_mismatch,ld_mismatch,ld_mismatch,0.7648679936144663,uncertain,0,0,0,4.015456387748112,-3.2084691531199008,0
20260301_204447_w50_lp2_seed2_ld_mismatch_m05,ld_mismatch,ld_mismatch,ld_mismatch,0.7648679936144663,uncertain,0,0,0,4.015456387748112,-3.2084691531199008,0
20260301_204447_w50_lp2_seed2_ld_mismatch_p05,ld_mismatch,ld_mismatch,ld_mismatch,0.7648679936144663,uncertain,0,0,0,4.015456387748112,-3.2084691531199008,0
20260301_204447_w50_lp2_seed2_ld_mismatch_p10,ld_mismatch,ld_mismatch,ld_mismatch,0.7648679936144663,uncertain,0,0,0,4.015456387748112,-3.2084691531199008,0
20260301_204447_w50_lp2_seed2_ld_mismatch_p20,ld_mismatch,ld_mismatch,ld_mismatch,0.7648679936144663,uncertain,0,0,0,4.015456387748112,-3.2084691531199008,0
20260301_204447_w60_lp1_seed2_healthy_r0,healthy,ld_mismatch,ld_mismatch,0.7648679936144663,uncertain,0,0,0,4.0154563877481095,-3.208469153119901,0
20260301_204447_w60_lp1_seed2_healthy_r1,healthy,healthy,healthy,0.9783639692975541,healthy,0,0,0,3.9318617215313956,-3.165275978776185,0
20260301_204447_w60_lp1_seed2_healthy_r2,healthy,healthy,healthy,0.9420590027160667,healthy,0,0,0,3.9211348914858366,-3.1821261382094805,0
20260301_204447_w60_lp1_seed2_rs_drift_p02,rs_drift,rs_drift,rs_drift,1.0,rs_drift,1,1,1,185.4061786749958,-1.1724553123394497,0
20260301_204447_w60_lp1_seed2_rs_drift_p05,rs_drift,rs_drift,rs_drift,1.0,rs_drift,1,1,1,1129.5262426914546,1.6562391477102203,0
20260301_204447_w60_lp1_seed2_rs_drift_p08,rs_drift,rs_drift,rs_drift,1.0,rs_drift,1,1,1,2878.9920149606937,3.3949962547782384,0
20260301_204447_w60_lp1_seed2_rs_drift_p10,rs_drift,rs_drift,rs_drift,1.0,rs_drift,1,1,1,4493.143087653211,4.248735518689642,0
20260301_204447_w60_lp1_seed2_rs_drift_p15,rs_drift,rs_drift,rs_drift,1.0,rs_drift,1,1,1,10097.938287682904,5.8209546848404,0
20260301_204447_w60_lp1_seed2_rs_drift_p20,rs_drift,rs_drift,rs_drift,1.0,rs_drift,1,1,1,17948.247305026674,6.942793001292753,0
20260301_204447_w60_lp1_seed2_rs_drift_p30,rs_drift,rs_drift,rs_drift,1.0,rs_drift,1,1,1,40406.10877274694,8.52183756486904,0
20260301_204447_w60_lp1_seed2_rs_drift_p40,rs_drift,rs_drift,rs_drift,1.0,rs_drift,1,1,1,71901.93841080648,9.635634354969968,0
20260301_204447_w60_lp1_seed2_ld_mismatch_m20,ld_mismatch,ld_mismatch,ld_mismatch,0.7648679936144663,uncertain,0,0,0,4.0154563877481095,-3.208469153119901,0
20260301_204447_w60_lp1_seed2_ld_mismatch_m10,ld_mismatch,ld_mismatch,ld_mismatch,0.7648679936144663,uncertain,0,0,0,4.0154563877481095,-3.208469153119901,0
20260301_204447_w60_lp1_seed2_ld_mismatch_m05,ld_mismatch,ld_mismatch,ld_mismatch,0.7648679936144663,uncertain,0,0,0,4.0154563877481095,-3.208469153119901,0
20260301_204447_w60_lp1_seed2_ld_mismatch_p05,ld_mismatch,ld_mismatch,ld_mismatch,0.7648679936144663,uncertain,0,0,0,4.0154563877481095,-3.208469153119901,0
20260301_204447_w60_lp1_seed2_ld_mismatch_p10,ld_mismatch,ld_mismatch,ld_mismatch,0.7648679936144663,uncertain,0,0,0,4.0154563877481095,-3.208469153119901,0
20260301_204447_w60_lp1_seed2_ld_mismatch_p20,ld_mismatch,ld_mismatch,ld_mismatch,0.7648679936144663,uncertain,0,0,0,4.0154563877481095,-3.208469153119901,0
20260301_204447_w40_lp0_seed2_healthy_r0,healthy,ld_mismatch,ld_mismatch,0.761218804030885,uncertain,0,0,0,4.014442413869405,-3.2084691531199008,1
20260301_204447_w40_lp0_seed2_healthy_r1,healthy,healthy,healthy,1.0,healthy,0,0,0,3.9315894782717007,-3.165275978776185,1
20260301_204447_w40_lp0_seed2_healthy_r2,healthy,healthy,healthy,0.9959245014245013,healthy,0,0,0,3.9193680858208966,-3.1821261382094805,1
20260301_204447_w40_lp0_seed2_rs_drift_p02,rs_drift,rs_drift,rs_drift,1.0,rs_drift,1,1,1,292.929670815114,-1.0644471484714548,1
20260301_204447_w40_lp0_seed2_rs_drift_p05,rs_drift,rs_drift,rs_drift,1.0,rs_drift,1,1,1,1798.1818477869383,1.6167390285038539,1
20260301_204447_w40_lp0_seed2_rs_drift_p08,rs_drift,rs_drift,rs_drift,1.0,rs_drift,1,1,1,4589.839072854092,3.307115341813949,1
20260301_204447_w40_lp0_seed2_rs_drift_p10,rs_drift,rs_drift,rs_drift,1.0,rs_drift,1,1,1,7165.988642847571,4.147442957763207,1
20260301_204447_w40_lp0_seed2_rs_drift_p15,rs_drift,rs_drift,rs_drift,1.0,rs_drift,1,1,1,16111.100626071166,5.705617096002642,1
20260301_204447_w40_lp0_seed2_rs_drift_p20,rs_drift,rs_drift,rs_drift,1.0,rs_drift,1,1,1,28638.2647985641,6.82259070890721,1
20260301_204447_w40_lp0_seed2_rs_drift_p30,rs_drift,rs_drift,rs_drift,1.0,rs_drift,1,1,1,64459.29267410543,8.398813965192254,1
20260301_204447_w40_lp0_seed2_rs_drift_p40,rs_drift,rs_drift,rs_drift,1.0,rs_drift,1,1,1,114669.99268494152,9.512477842438699,1
20260301_204447_w40_lp0_seed2_ld_mismatch_m20,ld_mismatch,ld_mismatch,ld_mismatch,0.761218804030885,uncertain,0,0,0,4.014442413869405,-3.2084691531199008,1
20260301_204447_w40_lp0_seed2_ld_mismatch_m10,ld_mismatch,ld_mismatch,ld_mismatch,0.761218804030885,uncertain,0,0,0,4.014442413869405,-3.2084691531199008,1
20260301_204447_w40_lp0_seed2_ld_mismatch_m05,ld_mismatch,ld_mismatch,ld_mismatch,0.761218804030885,uncertain,0,0,0,4.014442413869405,-3.2084691531199008,1
20260301_204447_w40_lp0_seed2_ld_mismatch_p05,ld_mismatch,ld_mismatch,ld_mismatch,0.761218804030885,uncertain,0,0,0,4.014442413869405,-3.2084691531199008,1
20260301_204447_w40_lp0_seed2_ld_mismatch_p10,ld_mismatch,ld_mismatch,ld_mismatch,0.761218804030885,uncertain,0,0,0,4.014442413869405,-3.2084691531199008,1
20260301_204447_w40_lp0_seed2_ld_mismatch_p20,ld_mismatch,ld_mismatch,ld_mismatch,0.761218804030885,uncertain,0,0,0,4.014442413869405,-3.2084691531199008,1
20260301_204447_w40_lp1_seed1_healthy_r0,healthy,ld_mismatch,ld_mismatch,0.7540129467581489,uncertain,0,0,0,3.96058742593351,-3.1808071399751663,1
20260301_204447_w40_lp1_seed1_healthy_r1,healthy,healthy,healthy,1.0,healthy,0,0,0,3.8793202653655348,-3.1922417761582262,1
20260301_204447_w40_lp1_seed1_healthy_r2,healthy,healthy,healthy,0.997989417989418,healthy,1,1,0,3.977925783977968,-3.1392347687831608,1
20260301_204447_w40_lp1_seed1_rs_drift_p02,rs_drift,rs_drift,rs_drift,1.0,rs_drift,1,1,1,204.80709286036742,-1.5421069210784075,1
20260301_204447_w40_lp1_seed1_rs_drift_p05,rs_drift,rs_drift,rs_drift,1.0,rs_drift,1,1,1,1246.593875199845,0.8256969330644669,1
20260301_204447_w40_lp1_seed1_rs_drift_p08,rs_drift,rs_drift,rs_drift,1.0,rs_drift,1,1,1,3176.594138204089,2.4185202477277765,1
20260301_204447_w40_lp1_seed1_rs_drift_p10,rs_drift,rs_drift,rs_drift,1.0,rs_drift,1,1,1,4957.27749390223,3.2303384642618456,1
20260301_204447_w40_lp1_seed1_rs_drift_p15,rs_drift,rs_drift,rs_drift,1.0,rs_drift,1,1,1,11140.545772817586,4.7576763674886715,1
20260301_204447_w40_lp1_seed1_rs_drift_p20,rs_drift,rs_drift,rs_drift,1.0,rs_drift,1,1,1,19801.825190847052,5.86365293790407,1
20260301_204447_w40_lp1_seed1_rs_drift_p30,rs_drift,rs_drift,rs_drift,1.0,rs_drift,1,1,1,44589.65474423553,7.433106753169493,1
20260301_204447_w40_lp1_seed1_rs_drift_p40,rs_drift,rs_drift,rs_drift,1.0,rs_drift,1,1,1,79365.48025974812,8.54563122222547,1
20260301_204447_w40_lp1_seed1_ld_mismatch_m20,ld_mismatch,ld_mismatch,ld_mismatch,0.7540129467581489,uncertain,0,0,0,3.96058742593351,-3.1808071399751663,1
20260301_204447_w40_lp1_seed1_ld_mismatch_m10,ld_mismatch,ld_mismatch,ld_mismatch,0.7540129467581489,uncertain,0,0,0,3.96058742593351,-3.1808071399751663,1
20260301_204447_w40_lp1_seed1_ld_mismatch_m05,ld_mismatch,ld_mismatch,ld_mismatch,0.7540129467581489,uncertain,0,0,0,3.96058742593351,-3.1808071399751663,1
20260301_204447_w40_lp1_seed1_ld_mismatch_p05,ld_mismatch,ld_mismatch,ld_mismatch,0.7540129467581489,uncertain,0,0,0,3.96058742593351,-3.1808071399751663,1
20260301_204447_w40_lp1_seed1_ld_mismatch_p10,ld_mismatch,ld_mismatch,ld_mismatch,0.7540129467581489,uncertain,0,0,0,3.96058742593351,-3.1808071399751663,1
20260301_204447_w40_lp1_seed1_ld_mismatch_p20,ld_mismatch,ld_mismatch,ld_mismatch,0.7540129467581489,uncertain,0,0,0,3.96058742593351,-3.1808071399751663,1
20260301_204447_w50_lp1_seed2_healthy_r0,healthy,ld_mismatch,ld_mismatch,0.761218804030885,uncertain,0,0,0,4.014442413869402,-3.2084691531199008,1
20260301_204447_w50_lp1_seed2_healthy_r1,healthy,healthy,healthy,1.0,healthy,0,0,0,3.9315894782717313,-3.165275978776185,1
20260301_204447_w50_lp1_seed2_healthy_r2,healthy,healthy,healthy,0.9959245014245013,healthy,0,0,0,3.9193680858208966,-3.1821261382094805,1
20260301_204447_w50_lp1_seed2_rs_drift_p02,rs_drift,rs_drift,rs_drift,0.9971428571428571,rs_drift,1,1,1,194.72147443370045,-1.3862355176986314,1
20260301_204447_w50_lp1_seed2_rs_drift_p05,rs_drift,rs_drift,rs_drift,1.0,rs_drift,1,1,1,1187.6258782911336,1.2559249556944452,1
20260301_204447_w50_lp1_seed2_rs_drift_p08,rs_drift,rs_drift,rs_drift,1.0,rs_drift,1,1,1,3027.6113041953813,2.9463221465676925,1
20260301_204447_w50_lp1_seed2_rs_drift_p10,rs_drift,rs_drift,rs_drift,1.0,rs_drift,1,1,1,4725.363390282449,3.7872315707210173,1
20260301_204447_w50_lp1_seed2_rs_drift_p15,rs_drift,rs_drift,rs_drift,1.0,rs_drift,1,1,1,10620.773232956393,5.3464965276974095,1
20260301_204447_w50_lp1_seed2_rs_drift_p20,rs_drift,rs_drift,rs_drift,1.0,rs_drift,1,1,1,18879.404613214112,6.464184372776394,1
20260301_204447_w50_lp1_seed2_rs_drift_p30,rs_drift,rs_drift,rs_drift,1.0,rs_drift,1,1,1,42506.238146771735,8.041313986926832,1
20260301_204447_w50_lp1_seed2_rs_drift_p40,rs_drift,rs_drift,rs_drift,1.0,rs_drift,1,1,1,75645.0173356578,9.155481174582793,1
20260301_204447_w50_lp1_seed2_ld_mismatch_m20,ld_mismatch,ld_mismatch,ld_mismatch,0.761218804030885,uncertain,0,0,0,4.014442413869402,-3.2084691531199008,1
20260301_204447_w50_lp1_seed2_ld_mismatch_m10,ld_mismatch,ld_mismatch,ld_mismatch,0.761218804030885,uncertain,0,0,0,4.014442413869402,-3.2084691531199008,1
20260301_204447_w50_lp1_seed2_ld_mismatch_m05,ld_mismatch,ld_mismatch,ld_mismatch,0.761218804030885,uncertain,0,0,0,4.014442413869402,-3.2084691531199008,1
20260301_204447_w50_lp1_seed2_ld_mismatch_p05,ld_mismatch,ld_mismatch,ld_mismatch,0.761218804030885,uncertain,0,0,0,4.014442413869402,-3.2084691531199008,1
20260301_204447_w50_lp1_seed2_ld_mismatch_p10,ld_mismatch,ld_mismatch,ld_mismatch,0.761218804030885,uncertain,0,0,0,4.014442413869402,-3.2084691531199008,1
20260301_204447_w50_lp1_seed2_ld_mismatch_p20,ld_mismatch,ld_mismatch,ld_mismatch,0.761218804030885,uncertain,0,0,0,4.014442413869402,-3.2084691531199008,1
20260301_204447_w60_lp1_seed0_healthy_r0,healthy,ld_mismatch,ld_mismatch,0.7559813382845492,uncertain,0,0,0,4.156414140692143,-3.1742521448269336,1
20260301_204447_w60_lp1_seed0_healthy_r1,healthy,healthy,healthy,1.0,healthy,0,0,0,3.8025960039456432,-3.2526032732794823,1
20260301_204447_w60_lp1_seed0_healthy_r2,healthy,healthy,healthy,1.0,healthy,0,0,0,3.8465221209282525,-3.238901444789734,1
20260301_204447_w60_lp1_seed0_rs_drift_p02,rs_drift,rs_drift,rs_drift,0.9885714285714285,rs_drift,1,1,1,190.70763714574656,-1.132027693804323,1
20260301_204447_w60_lp1_seed0_rs_drift_p05,rs_drift,rs_drift,rs_drift,1.0,rs_drift,1,1,1,1138.4871829115805,1.6756645531919128,1
20260301_204447_w60_lp1_seed0_rs_drift_p08,rs_drift,rs_drift,rs_drift,1.0,rs_drift,1,1,1,2887.2678219924173,3.4068222395870387,1
20260301_204447_w60_lp1_seed0_rs_drift_p10,rs_drift,rs_drift,rs_drift,1.0,rs_drift,1,1,1,4498.648564032307,4.258049604465089,1
20260301_204447_w60_lp1_seed0_rs_drift_p15,rs_drift,rs_drift,rs_drift,1.0,rs_drift,1,1,1,10092.977947929043,5.827052692827598,1
20260301_204447_w60_lp1_seed0_rs_drift_p20,rs_drift,rs_drift,rs_drift,1.0,rs_drift,1,1,1,17949.719833781746,6.947367525758348,1
20260301_204447_w60_lp1_seed0_rs_drift_p30,rs_drift,rs_drift,rs_drift,1.0,rs_drift,1,1,1,40429.72567622374,8.524956256891844,1
20260301_204447_w60_lp1_seed0_rs_drift_p40,rs_drift,rs_drift,rs_drift,1.0,rs_drift,1,1,1,71962.48853607751,9.63804912055991,1
20260301_204447_w60_lp1_seed0_ld_mismatch_m20,ld_mismatch,ld_mismatch,ld_mismatch,0.7559813382845492,uncertain,0,0,0,4.156414140692143,-3.1742521448269336,1
20260301_204447_w60_lp1_seed0_ld_mismatch_m10,ld_mismatch,ld_mismatch,ld_mismatch,0.7559813382845492,uncertain,0,0,0,4.156414140692143,-3.1742521448269336,1
20260301_204447_w60_lp1_seed0_ld_mismatch_m05,ld_mismatch,ld_mismatch,ld_mismatch,0.7559813382845492,uncertain,0,0,0,4.156414140692143,-3.1742521448269336,1
20260301_204447_w60_lp1_seed0_ld_mismatch_p05,ld_mismatch,ld_mismatch,ld_mismatch,0.7559813382845492,uncertain,0,0,0,4.156414140692143,-3.1742521448269336,1
20260301_204447_w60_lp1_seed0_ld_mismatch_p10,ld_mismatch,ld_mismatch,ld_mismatch,0.7559813382845492,uncertain,0,0,0,4.156414140692143,-3.1742521448269336,1
20260301_204447_w60_lp1_seed0_ld_mismatch_p20,ld_mismatch,ld_mismatch,ld_mismatch,0.7559813382845492,uncertain,0,0,0,4.156414140692143,-3.1742521448269336,1
20260301_204447_w60_lp1_seed1_healthy_r0,healthy,ld_mismatch,ld_mismatch,0.7540129467581489,uncertain,0,0,0,3.96058742593351,-3.1808071399751663,1
20260301_204447_w60_lp1_seed1_healthy_r1,healthy,healthy,healthy,1.0,healthy,0,0,0,3.8793202653655325,-3.192241776158226,1
20260301_204447_w60_lp1_seed1_healthy_r2,healthy,healthy,healthy,0.997989417989418,healthy,1,1,0,3.977925783977968,-3.1392347687831608,1
20260301_204447_w60_lp1_seed1_rs_drift_p02,rs_drift,rs_drift,rs_drift,0.9828571428571429,rs_drift,1,1,1,186.45801965760504,-1.1273930640216445,1
20260301_204447_w60_lp1_seed1_rs_drift_p05,rs_drift,rs_drift,rs_drift,1.0,rs_drift,1,1,1,1132.2719873806066,1.6755908393470167,1
20260301_204447_w60_lp1_seed1_rs_drift_p08,rs_drift,rs_drift,rs_drift,1.0,rs_drift,1,1,1,2884.191836723762,3.4059583839367518,1
20260301_204447_w60_lp1_seed1_rs_drift_p10,rs_drift,rs_drift,rs_drift,1.0,rs_drift,1,1,1,4500.399305769473,4.257070151835859,1
20260301_204447_w60_lp1_seed1_rs_drift_p15,rs_drift,rs_drift,rs_drift,1.0,rs_drift,1,1,1,10111.857505736763,5.826055969173652,1
20260301_204447_w60_lp1_seed1_rs_drift_p20,rs_drift,rs_drift,rs_drift,1.0,rs_drift,1,1,1,17971.05377906105,6.9464237662027255,1
20260301_204447_w60_lp1_seed1_rs_drift_p30,rs_drift,rs_drift,rs_drift,1.0,rs_drift,1,1,1,40451.317850865154,8.524109184015153,1
20260301_204447_w60_lp1_seed1_rs_drift_p40,rs_drift,rs_drift,rs_drift,1.0,rs_drift,1,1,1,71987.49483368694,9.637269402813455,1
20260301_204447_w60_lp1_seed1_ld_mismatch_m20,ld_mismatch,ld_mismatch,ld_mismatch,0.7540129467581489,uncertain,0,0,0,3.96058742593351,-3.1808071399751663,1
20260301_204447_w60_lp1_seed1_ld_mismatch_m10,ld_mismatch,ld_mismatch,ld_mismatch,0.7540129467581489,uncertain,0,0,0,3.96058742593351,-3.1808071399751663,1
20260301_204447_w60_lp1_seed1_ld_mismatch_m05,ld_mismatch,ld_mismatch,ld_mismatch,0.7540129467581489,uncertain,0,0,0,3.96058742593351,-3.1808071399751663,1
20260301_204447_w60_lp1_seed1_ld_mismatch_p05,ld_mismatch,ld_mismatch,ld_mismatch,0.7540129467581489,uncertain,0,0,0,3.96058742593351,-3.1808071399751663,1
20260301_204447_w60_lp1_seed1_ld_mismatch_p10,ld_mismatch,ld_mismatch,ld_mismatch,0.7540129467581489,uncertain,0,0,0,3.96058742593351,-3.1808071399751663,1
20260301_204447_w60_lp1_seed1_ld_mismatch_p20,ld_mismatch,ld_mismatch,ld_mismatch,0.7540129467581489,uncertain,0,0,0,3.96058742593351,-3.1808071399751663,1
20260301_204447_w60_lp1_seed2_healthy_r0,healthy,ld_mismatch,ld_mismatch,0.761218804030885,uncertain,0,0,0,4.014442413869402,-3.208469153119901,1
20260301_204447_w60_lp1_seed2_healthy_r1,healthy,healthy,healthy,1.0,healthy,0,0,0,3.9315894782717313,-3.165275978776185,1
20260301_204447_w60_lp1_seed2_healthy_r2,healthy,healthy,healthy,0.9959245014245013,healthy,0,0,0,3.9193680858208966,-3.1821261382094805,1
20260301_204447_w60_lp1_seed2_rs_drift_p02,rs_drift,rs_drift,rs_drift,0.9928571428571429,rs_drift,1,1,1,185.73164481197193,-1.1724553123394497,1
20260301_204447_w60_lp1_seed2_rs_drift_p05,rs_drift,rs_drift,rs_drift,1.0,rs_drift,1,1,1,1131.552501384335,1.6562391477102203,1
20260301_204447_w60_lp1_seed2_rs_drift_p08,rs_drift,rs_drift,rs_drift,1.0,rs_drift,1,1,1,2884.1652914167075,3.3949962547782384,1
20260301_204447_w60_lp1_seed2_rs_drift_p10,rs_drift,rs_drift,rs_drift,1.0,rs_drift,1,1,1,4501.219844726583,4.248735518689642,1
20260301_204447_w60_lp1_seed2_rs_drift_p15,rs_drift,rs_drift,rs_drift,1.0,rs_drift,1,1,1,10116.096443045753,5.8209546848404,1
20260301_204447_w60_lp1_seed2_rs_drift_p20,rs_drift,rs_drift,rs_drift,1.0,rs_drift,1,1,1,17980.521917539158,6.942793001292753,1
20260301_204447_w60_lp1_seed2_rs_drift_p30,rs_drift,rs_drift,rs_drift,1.0,rs_drift,1,1,1,40478.774878559045,8.52183756486904,1
20260301_204447_w60_lp1_seed2_rs_drift_p40,rs_drift,rs_drift,rs_drift,1.0,rs_drift,1,1,1,72031.25150998273,9.635634354969968,1
20260301_204447_w60_lp1_seed2_ld_mismatch_m20,ld_mismatch,ld_mismatch,ld_mismatch,0.761218804030885,uncertain,0,0,0,4.014442413869402,-3.208469153119901,1
20260301_204447_w60_lp1_seed2_ld_mismatch_m10,ld_mismatch,ld_mismatch,ld_mismatch,0.761218804030885,uncertain,0,0,0,4.014442413869402,-3.208469153119901,1
20260301_204447_w60_lp1_seed2_ld_mismatch_m05,ld_mismatch,ld_mismatch,ld_mismatch,0.761218804030885,uncertain,0,0,0,4.014442413869402,-3.208469153119901,1
20260301_204447_w60_lp1_seed2_ld_mismatch_p05,ld_mismatch,ld_mismatch,ld_mismatch,0.761218804030885,uncertain,0,0,0,4.014442413869402,-3.208469153119901,1
20260301_204447_w60_lp1_seed2_ld_mismatch_p10,ld_mismatch,ld_mismatch,ld_mismatch,0.761218804030885,uncertain,0,0,0,4.014442413869402,-3.208469153119901,1
20260301_204447_w60_lp1_seed2_ld_mismatch_p20,ld_mismatch,ld_mismatch,ld_mismatch,0.761218804030885,uncertain,0,0,0,4.014442413869402,-3.208469153119901,1
20260301_204447_w40_lp1_seed0_healthy_r0,healthy,ld_mismatch,ld_mismatch,0.7601299260833522,uncertain,0,0,0,4.147046736747987,-3.1742521448269336,2
20260301_204447_w40_lp1_seed0_healthy_r1,healthy,healthy,healthy,0.9827989121344993,healthy,0,0,0,3.7937451723192406,-3.2526032732794823,2
20260301_204447_w40_lp1_seed0_healthy_r2,healthy,healthy,healthy,0.9940658948604761,healthy,0,0,0,3.837307839601371,-3.238901444789735,2
20260301_204447_w40_lp1_seed0_rs_drift_p02,rs_drift,rs_drift,rs_drift,0.9914285714285714,rs_drift,1,1,1,208.48170589494924,-1.5480758034099065,2
20260301_204447_w40_lp1_seed0_rs_drift_p05,rs_drift,rs_drift,rs_drift,1.0,rs_drift,1,1,1,1248.0079359179776,0.8271805605381327,2
20260301_204447_w40_lp1_seed0_rs_drift_p08,rs_drift,rs_drift,rs_drift,1.0,rs_drift,1,1,1,3166.808534469897,2.4217500569639308,2
20260301_204447_w40_lp1_seed0_rs_drift_p10,rs_drift,rs_drift,rs_drift,1.0,rs_drift,1,1,1,4935.1235187851735,3.233739397487601,2
20260301_204447_w40_lp1_seed0_rs_drift_p15,rs_drift,rs_drift,rs_drift,1.0,rs_drift,1,1,1,11100.26812769129,4.760823344682734,2
20260301_204447_w40_lp1_seed0_rs_drift_p20,rs_drift,rs_drift,rs_drift,1.0,rs_drift,1,1,1,19743.065642548096,5.866439978659241,2
20260301_204447_w40_lp1_seed0_rs_drift_p30,rs_drift,rs_drift,rs_drift,1.0,rs_drift,1,1,1,44476.699572516474,7.435369741550668,2
20260301_204447_w40_lp1_seed0_rs_drift_p40,rs_drift,rs_drift,rs_drift,1.0,rs_drift,1,1,1,79178.52776446057,8.54756726616195,2
20260301_204447_w40_lp1_seed0_ld_mismatch_m20,ld_mismatch,ld_mismatch,ld_mismatch,0.7601299260833522,uncertain,0,0,0,4.147046736747987,-3.1742521448269336,2
20260301_204447_w40_lp1_seed0_ld_mismatch_m10,ld_mismatch,ld_mismatch,ld_mismatch,0.7601299260833522,uncertain,0,0,0,4.147046736747987,-3.1742521448269336,2
20260301_204447_w40_lp1_seed0_ld_mismatch_m05,ld_mismatch,ld_mismatch,ld_mismatch,0.7601299260833522,uncertain,0,0,0,4.147046736747987,-3.1742521448269336,2
20260301_204447_w40_lp1_seed0_ld_mismatch_p05,ld_mismatch,ld_mismatch,ld_mismatch,0.7601299260833522,uncertain,0,0,0,4.147046736747987,-3.1742521448269336,2
20260301_204447_w40_lp1_seed0_ld_mismatch_p10,ld_mismatch,ld_mismatch,ld_mismatch,0.7601299260833522,uncertain,0,0,0,4.147046736747987,-3.1742521448269336,2
20260301_204447_w40_lp1_seed0_ld_mismatch_p20,ld_mismatch,ld_mismatch,ld_mismatch,0.7601299260833522,uncertain,0,0,0,4.147046736747987,-3.1742521448269336,2
20260301_204447_w50_lp1_seed0_healthy_r0,healthy,ld_mismatch,ld_mismatch,0.7601299260833522,uncertain,0,0,0,4.147046736747987,-3.174252144826933,2
20260301_204447_w50_lp1_seed0_healthy_r1,healthy,healthy,healthy,0.9827989121344993,healthy,0,0,0,3.7937451723192406,-3.2526032732794823,2
20260301_204447_w50_lp1_seed0_healthy_r2,healthy,healthy,healthy,0.9940658948604761,healthy,0,0,0,3.837307839601371,-3.238901444789734,2
20260301_204447_w50_lp1_seed0_rs_drift_p02,rs_drift,rs_drift,rs_drift,1.0,rs_drift,1,1,1,199.19971590106195,-1.3405507595157404,2
20260301_204447_w50_lp1_seed0_rs_drift_p05,rs_drift,rs_drift,rs_drift,1.0,rs_drift,1,1,1,1190.8410961279346,1.280916126063091,2
20260301_204447_w50_lp1_seed0_rs_drift_p08,rs_drift,rs_drift,rs_drift,1.0,rs_drift,1,1,1,3020.8998251541016,2.9619111747807123,2
20260301_204447_w50_lp1_seed0_rs_drift_p10,rs_drift,rs_drift,rs_drift,1.0,rs_drift,1,1,1,4707.298161577645,3.799543265094348,2
20260301_204447_w50_lp1_seed0_rs_drift_p15,rs_drift,rs_drift,rs_drift,1.0,rs_drift,1,1,1,10574.874185638007,5.35452965944228,2
20260301_204447_w50_lp1_seed0_rs_drift_p20,rs_drift,rs_drift,rs_drift,1.0,rs_drift,1,1,1,18807.599131127485,6.470173368573901,2
20260301_204447_w50_lp1_seed0_rs_drift_p30,rs_drift,rs_drift,rs_drift,1.0,rs_drift,1,1,1,42365.32555733604,8.045350899332625,2
20260301_204447_w50_lp1_seed0_rs_drift_p40,rs_drift,rs_drift,rs_drift,1.0,rs_drift,1,1,1,75413.16803357066,9.158578527811109,2
20260301_204447_w50_lp1_seed0_ld_mismatch_m20,ld_mismatch,ld_mismatch,ld_mismatch,0.7601299260833522,uncertain,0,0,0,4.147046736747987,-3.174252144826933,2
20260301_204447_w50_lp1_seed0_ld_mismatch_m10,ld_mismatch,ld_mismatch,ld_mismatch,0.7601299260833522,uncertain,0,0,0,4.147046736747987,-3.174252144826933,2
20260301_204447_w50_lp1_seed0_ld_mismatch_m05,ld_mismatch,ld_mismatch,ld_mismatch,0.7601299260833522,uncertain,0,0,0,4.147046736747987,-3.174252144826933,2
20260301_204447_w50_lp1_seed0_ld_mismatch_p05,ld_mismatch,ld_mismatch,ld_mismatch,0.7601299260833522,uncertain,0,0,0,4.147046736747987,-3.174252144826933,2
20260301_204447_w50_lp1_seed0_ld_mismatch_p10,ld_mismatch,ld_mismatch,ld_mismatch,0.7601299260833522,uncertain,0,0,0,4.147046736747987,-3.174252144826933,2
20260301_204447_w50_lp1_seed0_ld_mismatch_p20,ld_mismatch,ld_mismatch,ld_mismatch,0.7601299260833522,uncertain,0,0,0,4.147046736747987,-3.174252144826933,2
20260301_204447_w50_lp1_seed2_healthy_r0,healthy,ld_mismatch,ld_mismatch,0.7588504544643614,uncertain,0,0,0,4.005736884232996,-3.2084691531199008,2
20260301_204447_w50_lp1_seed2_healthy_r1,healthy,healthy,healthy,1.0,healthy,0,0,0,3.922749303974559,-3.165275978776185,2
20260301_204447_w50_lp1_seed2_healthy_r2,healthy,healthy,healthy,0.9990683229813664,healthy,0,0,0,3.9098730561040975,-3.1821261382094805,2
20260301_204447_w50_lp1_seed2_rs_drift_p02,rs_drift,rs_drift,rs_drift,1.0,rs_drift,1,1,1,194.31100444614222,-1.3862355176986314,2
20260301_204447_w50_lp1_seed2_rs_drift_p05,rs_drift,rs_drift,rs_drift,1.0,rs_drift,1,1,1,1185.1280638113933,1.2559249556944452,2
20260301_204447_w50_lp1_seed2_rs_drift_p08,rs_drift,rs_drift,rs_drift,1.0,rs_drift,1,1,1,3021.245358993614,2.9463221465676925,2
20260301_204447_w50_lp1_seed2_rs_drift_p10,rs_drift,rs_drift,rs_drift,1.0,rs_drift,1,1,1,4715.4282455080765,3.7872315707210173,2
20260301_204447_w50_lp1_seed2_rs_drift_p15,rs_drift,rs_drift,rs_drift,1.0,rs_drift,1,1,1,10598.443906624383,5.3464965276974095,2
20260301_204447_w50_lp1_seed2_rs_drift_p20,rs_drift,rs_drift,rs_drift,1.0,rs_drift,1,1,1,18839.709993906574,6.464184372776394,2
20260301_204447_w50_lp1_seed2_rs_drift_p30,rs_drift,rs_drift,rs_drift,1.0,rs_drift,1,1,1,42416.869242568,8.041313986926832,2
20260301_204447_w50_lp1_seed2_rs_drift_p40,rs_drift,rs_drift,rs_drift,1.0,rs_drift,1,1,1,75485.97578309699,9.155481174582793,2
20260301_204447_w50_lp1_seed2_ld_mismatch_m20,ld_mismatch,ld_mismatch,ld_mismatch,0.7588504544643614,uncertain,0,0,0,4.005736884232996,-3.2084691531199008,2
20260301_204447_w50_lp1_seed2_ld_mismatch_m10,ld_mismatch,ld_mismatch,ld_mismatch,0.7588504544643614,uncertain,0,0,0,4.005736884232996,-3.2084691531199008,2
20260301_204447_w50_lp1_seed2_ld_mismatch_m05,ld_mismatch,ld_mismatch,ld_mismatch,0.7588504544643614,uncertain,0,0,0,4.005736884232996,-3.2084691531199008,2
20260301_204447_w50_lp1_seed2_ld_mismatch_p05,ld_mismatch,ld_mismatch,ld_mismatch,0.7588504544643614,uncertain,0,0,0,4.005736884232996,-3.2084691531199008,2
20260301_204447_w50_lp1_seed2_ld_mismatch_p10,ld_mismatch,ld_mismatch,ld_mismatch,0.7588504544643614,uncertain,0,0,0,4.005736884232996,-3.2084691531199008,2
20260301_204447_w50_lp1_seed2_ld_mismatch_p20,ld_mismatch,ld_mismatch,ld_mismatch,0.7588504544643614,uncertain,0,0,0,4.005736884232996,-3.2084691531199008,2
20260301_204447_w50_lp2_seed1_healthy_r0,healthy,ld_mismatch,ld_mismatch,0.7516596956086425,uncertain,0,0,0,3.9516771922600165,-3.1808071399751663,2
20260301_204447_w50_lp2_seed1_healthy_r1,healthy,healthy,healthy,1.0,healthy,0,0,0,3.870104596060742,-3.192241776158226,2
20260301_204447_w50_lp2_seed1_healthy_r2,healthy,healthy,healthy,0.998038825286212,healthy,0,0,0,3.970223491495485,-3.139234768783161,2
20260301_204447_w50_lp2_seed1_rs_drift_p02,rs_drift,rs_drift,rs_drift,1.0,rs_drift,1,1,1,297.69319581223675,-0.39996438684741625,2
20260301_204447_w50_lp2_seed1_rs_drift_p05,rs_drift,rs_drift,rs_drift,1.0,rs_drift,1,1,1,1828.0913227448682,2.6029005140898436,2
20260301_204447_w50_lp2_seed1_rs_drift_p08,rs_drift,rs_drift,rs_drift,1.0,rs_drift,1,1,1,4672.2829043190295,4.369810742809639,2
20260301_204447_w50_lp2_seed1_rs_drift_p10,rs_drift,rs_drift,rs_drift,1.0,rs_drift,1,1,1,7297.535832108691,5.229976496167001,2
20260301_204447_w50_lp2_seed1_rs_drift_p15,rs_drift,rs_drift,rs_drift,1.0,rs_drift,1,1,1,16409.768266877974,6.807953231852492,2
20260301_204447_w50_lp2_seed1_rs_drift_p20,rs_drift,rs_drift,rs_drift,1.0,rs_drift,1,1,1,29157.881001217578,7.931315737883741,2
20260301_204447_w50_lp2_seed1_rs_drift_p30,rs_drift,rs_drift,rs_drift,1.0,rs_drift,1,1,1,65533.29276261558,9.510863925372073,2
20260301_204447_w50_lp2_seed1_rs_drift_p40,rs_drift,rs_drift,rs_drift,1.0,rs_drift,1,1,1,116367.69148335283,10.624536017365072,2
20260301_204447_w50_lp2_seed1_ld_mismatch_m20,ld_mismatch,ld_mismatch,ld_mismatch,0.7516596956086425,uncertain,0,0,0,3.9516771922600165,-3.1808071399751663,2
20260301_204447_w50_lp2_seed1_ld_mismatch_m10,ld_mismatch,ld_mismatch,ld_mismatch,0.7516596956086425,uncertain,0,0,0,3.9516771922600165,-3.1808071399751663,2
20260301_204447_w50_lp2_seed1_ld_mismatch_m05,ld_mismatch,ld_mismatch,ld_mismatch,0.7516596956086425,uncertain,0,0,0,3.9516771922600165,-3.1808071399751663,2
20260301_204447_w50_lp2_seed1_ld_mismatch_p05,ld_mismatch,ld_mismatch,ld_mismatch,0.7516596956086425,uncertain,0,0,0,3.9516771922600165,-3.1808071399751663,2
20260301_204447_w50_lp2_seed1_ld_mismatch_p10,ld_mismatch,ld_mismatch,ld_mismatch,0.7516596956086425,uncertain,0,0,0,3.9516771922600165,-3.1808071399751663,2
20260301_204447_w50_lp2_seed1_ld_mismatch_p20,ld_mismatch,ld_mismatch,ld_mismatch,0.7516596956086425,uncertain,0,0,0,3.9516771922600165,-3.1808071399751663,2
20260301_204447_w60_lp2_seed0_healthy_r0,healthy,ld_mismatch,ld_mismatch,0.7601299260833522,uncertain,0,0,0,4.1470467367478205,-3.1742521448269336,2
20260301_204447_w60_lp2_seed0_healthy_r1,healthy,healthy,healthy,0.9827989121344993,healthy,0,0,0,3.793745172319261,-3.2526032732794823,2
20260301_204447_w60_lp2_seed0_healthy_r2,healthy,healthy,healthy,0.9940658948604761,healthy,0,0,0,3.837307839601371,-3.238901444789734,2
20260301_204447_w60_lp2_seed0_rs_drift_p02,rs_drift,rs_drift,rs_drift,1.0,rs_drift,1,1,1,281.3298459991585,-0.16505027353868235,2
20260301_204447_w60_lp2_seed0_rs_drift_p05,rs_drift,rs_drift,rs_drift,1.0,rs_drift,1,1,1,1737.904241543209,2.9799851093847405,2
20260301_204447_w60_lp2_seed0_rs_drift_p08,rs_drift,rs_drift,rs_drift,1.0,rs_drift,1,1,1,4445.095761312244,4.774769870290294,2
20260301_204447_w60_lp2_seed0_rs_drift_p10,rs_drift,rs_drift,rs_drift,1.0,rs_drift,1,1,1,6943.206118044237,5.641697434024037,2
20260301_204447_w60_lp2_seed0_rs_drift_p15,rs_drift,rs_drift,rs_drift,1.0,rs_drift,1,1,1,15611.795164717261,7.2258539556849914,2
20260301_204447_w60_lp2_seed0_rs_drift_p20,rs_drift,rs_drift,rs_drift,1.0,rs_drift,1,1,1,27736.510163417104,8.35060266581919,2
20260301_204447_w60_lp2_seed0_rs_drift_p30,rs_drift,rs_drift,rs_drift,1.0,rs_drift,1,1,1,62324.922881950486,9.929510694587075,2
20260301_204447_w60_lp2_seed0_rs_drift_p40,rs_drift,rs_drift,rs_drift,1.0,rs_drift,1,1,1,110651.1463801348,11.041352210715875,2
20260301_204447_w60_lp2_seed0_ld_mismatch_m20,ld_mismatch,ld_mismatch,ld_mismatch,0.7601299260833522,uncertain,0,0,0,4.1470467367478205,-3.1742521448269336,2
20260301_204447_w60_lp2_seed0_ld_mismatch_m10,ld_mismatch,ld_mismatch,ld_mismatch,0.7601299260833522,uncertain,0,0,0,4.1470467367478205,-3.1742521448269336,2
20260301_204447_w60_lp2_seed0_ld_mismatch_m05,ld_mismatch,ld_mismatch,ld_mismatch,0.7601299260833522,uncertain,0,0,0,4.1470467367478205,-3.1742521448269336,2
20260301_204447_w60_lp2_seed0_ld_mismatch_p05,ld_mismatch,ld_mismatch,ld_mismatch,0.7601299260833522,uncertain,0,0,0,4.1470467367478205,-3.1742521448269336,2
20260301_204447_w60_lp2_seed0_ld_mismatch_p10,ld_mismatch,ld_mismatch,ld_mismatch,0.7601299260833522,uncertain,0,0,0,4.1470467367478205,-3.1742521448269336,2
20260301_204447_w60_lp2_seed0_ld_mismatch_p20,ld_mismatch,ld_mismatch,ld_mismatch,0.7601299260833522,uncertain,0,0,0,4.1470467367478205,-3.1742521448269336,2
20260301_204447_w60_lp2_seed1_healthy_r0,healthy,ld_mismatch,ld_mismatch,0.7516596956086425,uncertain,0,0,0,3.9516771922600165,-3.1808071399751663,2
20260301_204447_w60_lp2_seed1_healthy_r1,healthy,healthy,healthy,1.0,healthy,0,0,0,3.870104596060742,-3.1922417761582262,2
20260301_204447_w60_lp2_seed1_healthy_r2,healthy,healthy,healthy,0.998038825286212,healthy,0,0,0,3.970223491495485,-3.1392347687831608,2
20260301_204447_w60_lp2_seed1_rs_drift_p02,rs_drift,rs_drift,rs_drift,1.0,rs_drift,1,1,1,283.5283665614604,-0.15643871102461493,2
20260301_204447_w60_lp2_seed1_rs_drift_p05,rs_drift,rs_drift,rs_drift,1.0,rs_drift,1,1,1,1739.6448087563667,2.982240442031032,2
20260301_204447_w60_lp2_seed1_rs_drift_p08,rs_drift,rs_drift,rs_drift,1.0,rs_drift,1,1,1,4445.396218434201,4.775741552787128,2
20260301_204447_w60_lp2_seed1_rs_drift_p10,rs_drift,rs_drift,rs_drift,1.0,rs_drift,1,1,1,6942.8081375353795,5.642312046085237,2
20260301_204447_w60_lp2_seed1_rs_drift_p15,rs_drift,rs_drift,rs_drift,1.0,rs_drift,1,1,1,15610.258563401052,7.2260545151477915,2
20260301_204447_w60_lp2_seed1_rs_drift_p20,rs_drift,rs_drift,rs_drift,1.0,rs_drift,1,1,1,27734.45582635524,8.350624344312363,2
20260301_204447_w60_lp2_seed1_rs_drift_p30,rs_drift,rs_drift,rs_drift,1.0,rs_drift,1,1,1,62321.71269643119,9.92937457631691,2
20260301_204447_w60_lp2_seed1_rs_drift_p40,rs_drift,rs_drift,rs_drift,1.0,rs_drift,1,1,1,110643.20482623448,11.041147239520733,2
20260301_204447_w60_lp2_seed1_ld_mismatch_m20,ld_mismatch,ld_mismatch,ld_mismatch,0.7516596956086425,uncertain,0,0,0,3.9516771922600165,-3.1808071399751663,2
20260301_204447_w60_lp2_seed1_ld_mismatch_m10,ld_mismatch,ld_mismatch,ld_mismatch,0.7516596956086425,uncertain,0,0,0,3.9516771922600165,-3.1808071399751663,2
20260301_204447_w60_lp2_seed1_ld_mismatch_m05,ld_mismatch,ld_mismatch,ld_mismatch,0.7516596956086425,uncertain,0,0,0,3.9516771922600165,-3.1808071399751663,2
20260301_204447_w60_lp2_seed1_ld_mismatch_p05,ld_mismatch,ld_mismatch,ld_mismatch,0.7516596956086425,uncertain,0,0,0,3.9516771922600165,-3.1808071399751663,2
20260301_204447_w60_lp2_seed1_ld_mismatch_p10,ld_mismatch,ld_mismatch,ld_mismatch,0.7516596956086425,uncertain,0,0,0,3.9516771922600165,-3.1808071399751663,2
20260301_204447_w60_lp2_seed1_ld_mismatch_p20,ld_mismatch,ld_mismatch,ld_mismatch,0.7516596956086425,uncertain,0,0,0,3.9516771922600165,-3.1808071399751663,2
20260301_204447_w40_lp0_seed1_healthy_r0,healthy,ld_mismatch,ld_mismatch,0.7596714998188081,uncertain,0,0,0,3.960587425933523,-3.1808071399751667,3
20260301_204447_w40_lp0_seed1_healthy_r1,healthy,healthy,healthy,0.9990109890109891,healthy,0,0,0,3.8793202653655356,-3.192241776158226,3
20260301_204447_w40_lp0_seed1_healthy_r2,healthy,healthy,healthy,0.9989115646258503,healthy,1,1,0,3.9779257839779003,-3.1392347687831608,3
20260301_204447_w40_lp0_seed1_rs_drift_p02,rs_drift,rs_drift,rs_drift,1.0,rs_drift,1,1,1,293.25256398051016,-1.0067733648860364,3
20260301_204447_w40_lp0_seed1_rs_drift_p05,rs_drift,rs_drift,rs_drift,1.0,rs_drift,1,1,1,1795.8494435878126,1.6448996522438968,3
20260301_204447_w40_lp0_seed1_rs_drift_p08,rs_drift,rs_drift,rs_drift,1.0,rs_drift,1,1,1,4580.510167721978,3.323468199195799,3
20260301_204447_w40_lp0_seed1_rs_drift_p10,rs_drift,rs_drift,rs_drift,1.0,rs_drift,1,1,1,7152.2362727028785,4.15989969425418,3
20260301_204447_w40_lp0_seed1_rs_drift_p15,rs_drift,rs_drift,rs_drift,1.0,rs_drift,1,1,1,16082.85619307835,5.713199149779089,3
20260301_204447_w40_lp0_seed1_rs_drift_p20,rs_drift,rs_drift,rs_drift,1.0,rs_drift,1,1,1,28593.607201335883,6.827947723580978,3
20260301_204447_w40_lp0_seed1_rs_drift_p30,rs_drift,rs_drift,rs_drift,1.0,rs_drift,1,1,1,64392.07331543739,8.402127283607848,3
20260301_204447_w40_lp0_seed1_rs_drift_p40,rs_drift,rs_drift,rs_drift,1.0,rs_drift,1,1,1,114579.5629495825,9.514843855997244,3
20260301_204447_w40_lp0_seed1_ld_mismatch_m20,ld_mismatch,ld_mismatch,ld_mismatch,0.7596714998188081,uncertain,0,0,0,3.960587425933523,-3.1808071399751667,3
20260301_204447_w40_lp0_seed1_ld_mismatch_m10,ld_mismatch,ld_mismatch,ld_mismatch,0.7596714998188081,uncertain,0,0,0,3.960587425933523,-3.1808071399751667,3
20260301_204447_w40_lp0_seed1_ld_mismatch_m05,ld_mismatch,ld_mismatch,ld_mismatch,0.7596714998188081,uncertain,0,0,0,3.960587425933523,-3.1808071399751667,3
20260301_204447_w40_lp0_seed1_ld_mismatch_p05,ld_mismatch,ld_mismatch,ld_mismatch,0.7596714998188081,uncertain,0,0,0,3.960587425933523,-3.1808071399751667,3
20260301_204447_w40_lp0_seed1_ld_mismatch_p10,ld_mismatch,ld_mismatch,ld_mismatch,0.7596714998188081,uncertain,0,0,0,3.960587425933523,-3.1808071399751667,3
20260301_204447_w40_lp0_seed1_ld_mismatch_p20,ld_mismatch,ld_mismatch,ld_mismatch,0.7596714998188081,uncertain,0,0,0,3.960587425933523,-3.1808071399751667,3
20260301_204447_w50_lp1_seed0_healthy_r0,healthy,ld_mismatch,ld_mismatch,0.7496020025333796,uncertain,0,0,0,4.156414140692145,-3.174252144826933,3
20260301_204447_w50_lp1_seed0_healthy_r1,healthy,healthy,healthy,0.9985714285714286,healthy,0,0,0,3.802596003945644,-3.2526032732794823,3
20260301_204447_w50_lp1_seed0_healthy_r2,healthy,healthy,healthy,1.0,healthy,0,0,0,3.846522120928253,-3.238901444789734,3
20260301_204447_w50_lp1_seed0_rs_drift_p02,rs_drift,rs_drift,rs_drift,0.9971428571428571,rs_drift,1,1,1,199.6202884474057,-1.3405507595157404,3
20260301_204447_w50_lp1_seed0_rs_drift_p05,rs_drift,rs_drift,rs_drift,1.0,rs_drift,1,1,1,1193.3509931957701,1.280916126063091,3
20260301_204447_w50_lp1_seed0_rs_drift_p08,rs_drift,rs_drift,rs_drift,1.0,rs_drift,1,1,1,3027.2654866569655,2.9619111747807123,3
20260301_204447_w50_lp1_seed0_rs_drift_p10,rs_drift,rs_drift,rs_drift,1.0,rs_drift,1,1,1,4717.216894218862,3.799543265094348,3
20260301_204447_w50_lp1_seed0_rs_drift_p15,rs_drift,rs_drift,rs_drift,1.0,rs_drift,1,1,1,10597.15519345085,5.35452965944228,3
20260301_204447_w50_lp1_seed0_rs_drift_p20,rs_drift,rs_drift,rs_drift,1.0,rs_drift,1,1,1,18847.225690666033,6.470173368573901,3
20260301_204447_w50_lp1_seed0_rs_drift_p30,rs_drift,rs_drift,rs_drift,1.0,rs_drift,1,1,1,42454.585743447526,8.045350899332625,3
20260301_204447_w50_lp1_seed0_rs_drift_p40,rs_drift,rs_drift,rs_drift,1.0,rs_drift,1,1,1,75572.05635764559,9.158578527811109,3
20260301_204447_w50_lp1_seed0_ld_mismatch_m20,ld_mismatch,ld_mismatch,ld_mismatch,0.7496020025333796,uncertain,0,0,0,4.156414140692145,-3.174252144826933,3
20260301_204447_w50_lp1_seed0_ld_mismatch_m10,ld_mismatch,ld_mismatch,ld_mismatch,0.7496020025333796,uncertain,0,0,0,4.156414140692145,-3.174252144826933,3
20260301_204447_w50_lp1_seed0_ld_mismatch_m05,ld_mismatch,ld_mismatch,ld_mismatch,0.7496020025333796,uncertain,0,0,0,4.156414140692145,-3.174252144826933,3
20260301_204447_w50_lp1_seed0_ld_mismatch_p05,ld_mismatch,ld_mismatch,ld_mismatch,0.7496020025333796,uncertain,0,0,0,4.156414140692145,-3.174252144826933,3
20260301_204447_w50_lp1_seed0_ld_mismatch_p10,ld_mismatch,ld_mismatch,ld_mismatch,0.7496020025333796,uncertain,0,0,0,4.156414140692145,-3.174252144826933,3
20260301_204447_w50_lp1_seed0_ld_mismatch_p20,ld_mismatch,ld_mismatch,ld_mismatch,0.7496020025333796,uncertain,0,0,0,4.156414140692145,-3.174252144826933,3
20260301_204447_w50_lp1_seed2_healthy_r0,healthy,ld_mismatch,ld_mismatch,0.7528478450315389,uncertain,0,0,0,4.014442413869405,-3.2084691531199008,3
20260301_204447_w50_lp1_seed2_healthy_r1,healthy,healthy,healthy,1.0,healthy,0,0,0,3.931589478271732,-3.165275978776185,3
20260301_204447_w50_lp1_seed2_healthy_r2,healthy,healthy,healthy,1.0,healthy,0,0,0,3.9193680858208975,-3.1821261382094805,3
20260301_204447_w50_lp1_seed2_rs_drift_p02,rs_drift,rs_drift,rs_drift,1.0,rs_drift,1,1,1,194.72147443370056,-1.3862355176986314,3
20260301_204447_w50_lp1_seed2_rs_drift_p05,rs_drift,rs_drift,rs_drift,1.0,rs_drift,1,1,1,1187.6258782911339,1.2559249556944452,3
20260301_204447_w50_lp1_seed2_rs_drift_p08,rs_drift,rs_drift,rs_drift,1.0,rs_drift,1,1,1,3027.6113041953827,2.9463221465676925,3
20260301_204447_w50_lp1_seed2_rs_drift_p10,rs_drift,rs_drift,rs_drift,1.0,rs_drift,1,1,1,4725.36339028245,3.7872315707210173,3
20260301_204447_w50_lp1_seed2_rs_drift_p15,rs_drift,rs_drift,rs_drift,1.0,rs_drift,1,1,1,10620.773232956399,5.3464965276974095,3
20260301_204447_w50_lp1_seed2_rs_drift_p20,rs_drift,rs_drift,rs_drift,1.0,rs_drift,1,1,1,18879.404613214116,6.464184372776394,3
20260301_204447_w50_lp1_seed2_rs_drift_p30,rs_drift,rs_drift,rs_drift,1.0,rs_drift,1,1,1,42506.23814677174,8.041313986926832,3
20260301_204447_w50_lp1_seed2_rs_drift_p40,rs_drift,rs_drift,rs_drift,1.0,rs_drift,1,1,1,75645.01733565782,9.155481174582793,3
20260301_204447_w50_lp1_seed2_ld_mismatch_m20,ld_mismatch,ld_mismatch,ld_mismatch,0.7528478450315389,uncertain,0,0,0,4.014442413869405,-3.2084691531199008,3
20260301_204447_w50_lp1_seed2_ld_mismatch_m10,ld_mismatch,ld_mismatch,ld_mismatch,0.7528478450315389,uncertain,0,0,0,4.014442413869405,-3.2084691531199008,3
20260301_204447_w50_lp1_seed2_ld_mismatch_m05,ld_mismatch,ld_mismatch,ld_mismatch,0.7528478450315389,uncertain,0,0,0,4.014442413869405,-3.2084691531199008,3
20260301_204447_w50_lp1_seed2_ld_mismatch_p05,ld_mismatch,ld_mismatch,ld_mismatch,0.7528478450315389,uncertain,0,0,0,4.014442413869405,-3.2084691531199008,3
20260301_204447_w50_lp1_seed2_ld_mismatch_p10,ld_mismatch,ld_mismatch,ld_mismatch,0.7528478450315389,uncertain,0,0,0,4.014442413869405,-3.2084691531199008,3
20260301_204447_w50_lp1_seed2_ld_mismatch_p20,ld_mismatch,ld_mismatch,ld_mismatch,0.7528478450315389,uncertain,0,0,0,4.014442413869405,-3.2084691531199008,3
20260301_204447_w50_lp2_seed0_healthy_r0,healthy,ld_mismatch,ld_mismatch,0.7496020025333796,uncertain,0,0,0,4.156414140692145,-3.1742521448269336,3
20260301_204447_w50_lp2_seed0_healthy_r1,healthy,healthy,healthy,0.9985714285714286,healthy,0,0,0,3.8025960039456628,-3.2526032732794823,3
20260301_204447_w50_lp2_seed0_healthy_r2,healthy,healthy,healthy,1.0,healthy,0,0,0,3.846522120928253,-3.238901444789734,3
20260301_204447_w50_lp2_seed0_rs_drift_p02,rs_drift,rs_drift,rs_drift,1.0,rs_drift,1,1,1,296.1028141154945,-0.40878686385376756,3
20260301_204447_w50_lp2_seed0_rs_drift_p05,rs_drift,rs_drift,rs_drift,1.0,rs_drift,1,1,1,1830.30113179569,2.601476264867715,3
20260301_204447_w50_lp2_seed0_rs_drift_p08,rs_drift,rs_drift,rs_drift,1.0,rs_drift,1,1,1,4681.880111466566,4.369643214853726,3
20260301_204447_w50_lp2_seed0_rs_drift_p10,rs_drift,rs_drift,rs_drift,1.0,rs_drift,1,1,1,7313.410998257777,5.2300917904140904,3
20260301_204447_w50_lp2_seed0_rs_drift_p15,rs_drift,rs_drift,rs_drift,1.0,rs_drift,1,1,1,16445.95558506837,6.808326956676545,3
20260301_204447_w50_lp2_seed0_rs_drift_p20,rs_drift,rs_drift,rs_drift,1.0,rs_drift,1,1,1,29221.48012719702,7.93176590274348,3
20260301_204447_w50_lp2_seed0_rs_drift_p30,rs_drift,rs_drift,rs_drift,1.0,rs_drift,1,1,1,65674.91868200738,9.511352745248782,3
20260301_204447_w50_lp2_seed0_rs_drift_p40,rs_drift,rs_drift,rs_drift,1.0,rs_drift,1,1,1,116621.48322894308,10.625027340285879,3
20260301_204447_w50_lp2_seed0_ld_mismatch_m20,ld_mismatch,ld_mismatch,ld_mismatch,0.7496020025333796,uncertain,0,0,0,4.156414140692145,-3.1742521448269336,3
20260301_204447_w50_lp2_seed0_ld_mismatch_m10,ld_mismatch,ld_mismatch,ld_mismatch,0.7496020025333796,uncertain,0,0,0,4.156414140692145,-3.1742521448269336,3
20260301_204447_w50_lp2_seed0_ld_mismatch_m05,ld_mismatch,ld_mismatch,ld_mismatch,0.7496020025333796,uncertain,0,0,0,4.156414140692145,-3.1742521448269336,3
20260301_204447_w50_lp2_seed0_ld_mismatch_p05,ld_mismatch,ld_mismatch,ld_mismatch,0.7496020025333796,uncertain,0,0,0,4.156414140692145,-3.1742521448269336,3
20260301_204447_w50_lp2_seed0_ld_mismatch_p10,ld_mismatch,ld_mismatch,ld_mismatch,0.7496020025333796,uncertain,0,0,0,4.156414140692145,-3.1742521448269336,3
20260301_204447_w50_lp2_seed0_ld_mismatch_p20,ld_mismatch,ld_mismatch,ld_mismatch,0.7496020025333796,uncertain,0,0,0,4.156414140692145,-3.1742521448269336,3
20260301_204447_w50_lp2_seed1_healthy_r0,healthy,ld_mismatch,ld_mismatch,0.7596714998188081,uncertain,0,0,0,3.9605874259335105,-3.1808071399751663,3
20260301_204447_w50_lp2_seed1_healthy_r1,healthy,healthy,healthy,0.9990109890109891,healthy,0,0,0,3.8793202653655356,-3.192241776158226,3
20260301_204447_w50_lp2_seed1_healthy_r2,healthy,healthy,healthy,0.9989115646258503,healthy,1,1,0,3.9779257839779683,-3.139234768783161,3
20260301_204447_w50_lp2_seed1_rs_drift_p02,rs_drift,rs_drift,rs_drift,1.0,rs_drift,1,1,1,298.3217714462615,-0.39996438684741625,3
20260301_204447_w50_lp2_seed1_rs_drift_p05,rs_drift,rs_drift,rs_drift,1.0,rs_drift,1,1,1,1831.9461240259473,2.6029005140898436,3
20260301_204447_w50_lp2_seed1_rs_drift_p08,rs_drift,rs_drift,rs_drift,1.0,rs_drift,1,1,1,4682.1349334871475,4.369810742809639,3
20260301_204447_w50_lp2_seed1_rs_drift_p10,rs_drift,rs_drift,rs_drift,1.0,rs_drift,1,1,1,7312.9225556238525,5.229976496167001,3
20260301_204447_w50_lp2_seed1_rs_drift_p15,rs_drift,rs_drift,rs_drift,1.0,rs_drift,1,1,1,16444.36413194925,6.807953231852492,3
20260301_204447_w50_lp2_seed1_rs_drift_p20,rs_drift,rs_drift,rs_drift,1.0,rs_drift,1,1,1,29219.352344911364,7.931315737883741,3
20260301_204447_w50_lp2_seed1_rs_drift_p30,rs_drift,rs_drift,rs_drift,1.0,rs_drift,1,1,1,65671.4515554958,9.510863925372073,3
20260301_204447_w50_lp2_seed1_rs_drift_p40,rs_drift,rs_drift,rs_drift,1.0,rs_drift,1,1,1,116613.02277154468,10.624536017365072,3
20260301_204447_w50_lp2_seed1_ld_mismatch_m20,ld_mismatch,ld_mismatch,ld_mismatch,0.7596714998188081,uncertain,0,0,0,3.9605874259335105,-3.1808071399751663,3
20260301_204447_w50_lp2_seed1_ld_mismatch_m10,ld_mismatch,ld_mismatch,ld_mismatch,0.7596714998188081,uncertain,0,0,0,3.9605874259335105,-3.1808071399751663,3
20260301_204447_w50_lp2_seed1_ld_mismatch_m05,ld_mismatch,ld_mismatch,ld_mismatch,0.7596714998188081,uncertain,0,0,0,3.9605874259335105,-3.1808071399751663,3
20260301_204447_w50_lp2_seed1_ld_mismatch_p05,ld_mismatch,ld_mismatch,ld_mismatch,0.7596714998188081,uncertain,0,0,0,3.9605874259335105,-3.1808071399751663,3
20260301_204447_w50_lp2_seed1_ld_mismatch_p10,ld_mismatch,ld_mismatch,ld_mismatch,0.7596714998188081,uncertain,0,0,0,3.9605874259335105,-3.1808071399751663,3
20260301_204447_w50_lp2_seed1_ld_mismatch_p20,ld_mismatch,ld_mismatch,ld_mismatch,0.7596714998188081,uncertain,0,0,0,3.9605874259335105,-3.1808071399751663,3
20260301_204447_w60_lp2_seed1_healthy_r0,healthy,ld_mismatch,ld_mismatch,0.7596714998188081,uncertain,0,0,0,3.9605874259335105,-3.1808071399751663,3
20260301_204447_w60_lp2_seed1_healthy_r1,healthy,healthy,healthy,0.9990109890109891,healthy,0,0,0,3.8793202653655356,-3.1922417761582262,3
20260301_204447_w60_lp2_seed1_healthy_r2,healthy,healthy,healthy,0.9989115646258503,healthy,1,1,0,3.9779257839779683,-3.1392347687831608,3
20260301_204447_w60_lp2_seed1_rs_drift_p02,rs_drift,rs_drift,rs_drift,1.0,rs_drift,1,1,1,284.1271909654423,-0.15643871102461493,3
20260301_204447_w60_lp2_seed1_rs_drift_p05,rs_drift,rs_drift,rs_drift,1.0,rs_drift,1,1,1,1743.3137926763186,2.982240442031032,3
20260301_204447_w60_lp2_seed1_rs_drift_p08,rs_drift,rs_drift,rs_drift,1.0,rs_drift,1,1,1,4454.771688192056,4.775741552787128,3
20260301_204447_w60_lp2_seed1_rs_drift_p10,rs_drift,rs_drift,rs_drift,1.0,rs_drift,1,1,1,6957.449773260454,5.642312046085237,3
20260301_204447_w60_lp2_seed1_rs_drift_p15,rs_drift,rs_drift,rs_drift,1.0,rs_drift,1,1,1,15643.1750671355,7.2260545151477915,3
20260301_204447_w60_lp2_seed1_rs_drift_p20,rs_drift,rs_drift,rs_drift,1.0,rs_drift,1,1,1,27792.93724775893,8.350624344312363,3
20260301_204447_w60_lp2_seed1_rs_drift_p30,rs_drift,rs_drift,rs_drift,1.0,rs_drift,1,1,1,62453.125413396025,9.92937457631691,3
20260301_204447_w60_lp2_seed1_rs_drift_p40,rs_drift,rs_drift,rs_drift,1.0,rs_drift,1,1,1,110876.51139194489,11.041147239520733,3
20260301_204447_w60_lp2_seed1_ld_mismatch_m20,ld_mismatch,ld_mismatch,ld_mismatch,0.7596714998188081,uncertain,0,0,0,3.9605874259335105,-3.1808071399751663,3
20260301_204447_w60_lp2_seed1_ld_mismatch_m10,ld_mismatch,ld_mismatch,ld_mismatch,0.7596714998188081,uncertain,0,0,0,3.9605874259335105,-3.1808071399751663,3
20260301_204447_w60_lp2_seed1_ld_mismatch_m05,ld_mismatch,ld_mismatch,ld_mismatch,0.7596714998188081,uncertain,0,0,0,3.9605874259335105,-3.1808071399751663,3
20260301_204447_w60_lp2_seed1_ld_mismatch_p05,ld_mismatch,ld_mismatch,ld_mismatch,0.7596714998188081,uncertain,0,0,0,3.9605874259335105,-3.1808071399751663,3
20260301_204447_w60_lp2_seed1_ld_mismatch_p10,ld_mismatch,ld_mismatch,ld_mismatch,0.7596714998188081,uncertain,0,0,0,3.9605874259335105,-3.1808071399751663,3
20260301_204447_w60_lp2_seed1_ld_mismatch_p20,ld_mismatch,ld_mismatch,ld_mismatch,0.7596714998188081,uncertain,0,0,0,3.9605874259335105,-3.1808071399751663,3
20260301_204447_w40_lp1_seed0_healthy_r0,healthy,ld_mismatch,ld_mismatch,0.7559096778102641,uncertain,0,0,0,4.1541830795849615,-3.1742521448269336,4
20260301_204447_w40_lp1_seed0_healthy_r1,healthy,healthy,healthy,0.9977479110037251,healthy,0,0,0,3.8002192413277007,-3.2526032732794823,4
20260301_204447_w40_lp1_seed0_healthy_r2,healthy,healthy,healthy,0.9989610389610389,healthy,0,0,0,3.8443413629066656,-3.238901444789735,4
20260301_204447_w40_lp1_seed0_rs_drift_p02,rs_drift,rs_drift,rs_drift,0.9885714285714285,rs_drift,1,1,1,208.98094695209855,-1.5480758034099065,4
20260301_204447_w40_lp1_seed0_rs_drift_p05,rs_drift,rs_drift,rs_drift,1.0,rs_drift,1,1,1,1251.0071880466646,0.8271805605381327,4
20260301_204447_w40_lp1_seed0_rs_drift_p08,rs_drift,rs_drift,rs_drift,1.0,rs_drift,1,1,1,3174.422426049133,2.4217500569639308,4
20260301_204447_w40_lp1_seed0_rs_drift_p10,rs_drift,rs_drift,rs_drift,1.0,rs_drift,1,1,1,4946.990143537716,3.233739397487601,4
20260301_204447_w40_lp1_seed0_rs_drift_p15,rs_drift,rs_drift,rs_drift,1.0,rs_drift,1,1,1,11126.961952991815,4.760823344682734,4
20260301_204447_w40_lp1_seed0_rs_drift_p20,rs_drift,rs_drift,rs_drift,1.0,rs_drift,1,1,1,19790.545338213808,5.866439978659241,4
20260301_204447_w40_lp1_seed0_rs_drift_p30,rs_drift,rs_drift,rs_drift,1.0,rs_drift,1,1,1,44583.663463553254,7.435369741550668,4
20260301_204447_w40_lp1_seed0_rs_drift_p40,rs_drift,rs_drift,rs_drift,1.0,rs_drift,1,1,1,79368.94929944402,8.54756726616195,4
20260301_204447_w40_lp1_seed0_ld_mismatch_m20,ld_mismatch,ld_mismatch,ld_mismatch,0.7559096778102641,uncertain,0,0,0,4.1541830795849615,-3.1742521448269336,4
20260301_204447_w40_lp1_seed0_ld_mismatch_m10,ld_mismatch,ld_mismatch,ld_mismatch,0.7559096778102641,uncertain,0,0,0,4.1541830795849615,-3.1742521448269336,4
20260301_204447_w40_lp1_seed0_ld_mismatch_m05,ld_mismatch,ld_mismatch,ld_mismatch,0.7559096778102641,uncertain,0,0,0,4.1541830795849615,-3.1742521448269336,4
20260301_204447_w40_lp1_seed0_ld_mismatch_p05,ld_mismatch,ld_mismatch,ld_mismatch,0.7559096778102641,uncertain,0,0,0,4.1541830795849615,-3.1742521448269336,4
20260301_204447_w40_lp1_seed0_ld_mismatch_p10,ld_mismatch,ld_mismatch,ld_mismatch,0.7559096778102641,uncertain,0,0,0,4.1541830795849615,-3.1742521448269336,4
20260301_204447_w40_lp1_seed0_ld_mismatch_p20,ld_mismatch,ld_mismatch,ld_mismatch,0.7559096778102641,uncertain,0,0,0,4.1541830795849615,-3.1742521448269336,4
20260301_204447_w40_lp1_seed1_healthy_r0,healthy,ld_mismatch,ld_mismatch,0.7557958701253366,uncertain,0,0,0,3.9586955270993305,-3.1808071399751663,4
20260301_204447_w40_lp1_seed1_healthy_r1,healthy,healthy,healthy,0.9965624067808942,healthy,0,0,0,3.876791918821549,-3.1922417761582262,4
20260301_204447_w40_lp1_seed1_healthy_r2,healthy,healthy,healthy,1.0,healthy,0,0,0,3.9760277117565566,-3.1392347687831608,4
20260301_204447_w40_lp1_seed1_rs_drift_p02,rs_drift,rs_drift,rs_drift,0.9928571428571429,rs_drift,1,1,1,204.8650662686295,-1.5421069210784075,4
20260301_204447_w40_lp1_seed1_rs_drift_p05,rs_drift,rs_drift,rs_drift,1.0,rs_drift,1,1,1,1246.961741358867,0.8256969330644669,4
20260301_204447_w40_lp1_seed1_rs_drift_p08,rs_drift,rs_drift,rs_drift,1.0,rs_drift,1,1,1,3177.536103021369,2.4185202477277765,4
20260301_204447_w40_lp1_seed1_rs_drift_p10,rs_drift,rs_drift,rs_drift,1.0,rs_drift,1,1,1,4958.749139118444,3.2303384642618456,4
20260301_204447_w40_lp1_seed1_rs_drift_p15,rs_drift,rs_drift,rs_drift,1.0,rs_drift,1,1,1,11143.85667670428,4.7576763674886715,4
20260301_204447_w40_lp1_seed1_rs_drift_p20,rs_drift,rs_drift,rs_drift,1.0,rs_drift,1,1,1,19807.712437800812,5.86365293790407,4
20260301_204447_w40_lp1_seed1_rs_drift_p30,rs_drift,rs_drift,rs_drift,1.0,rs_drift,1,1,1,44602.91869620068,7.433106753169493,4
20260301_204447_w40_lp1_seed1_rs_drift_p40,rs_drift,rs_drift,rs_drift,1.0,rs_drift,1,1,1,79389.08958667735,8.54563122222547,4
20260301_204447_w40_lp1_seed1_ld_mismatch_m20,ld_mismatch,ld_mismatch,ld_mismatch,0.7557958701253366,uncertain,0,0,0,3.9586955270993305,-3.1808071399751663,4
20260301_204447_w40_lp1_seed1_ld_mismatch_m10,ld_mismatch,ld_mismatch,ld_mismatch,0.7557958701253366,uncertain,0,0,0,3.9586955270993305,-3.1808071399751663,4
20260301_204447_w40_lp1_seed1_ld_mismatch_m05,ld_mismatch,ld_mismatch,ld_mismatch,0.7557958701253366,uncertain,0,0,0,3.9586955270993305,-3.1808071399751663,4
20260301_204447_w40_lp1_seed1_ld_mismatch_p05,ld_mismatch,ld_mismatch,ld_mismatch,0.7557958701253366,uncertain,0,0,0,3.9586955270993305,-3.1808071399751663,4
20260301_204447_w40_lp1_seed1_ld_mismatch_p10,ld_mismatch,ld_mismatch,ld_mismatch,0.7557958701253366,uncertain,0,0,0,3.9586955270993305,-3.1808071399751663,4
20260301_204447_w40_lp1_seed1_ld_mismatch_p20,ld_mismatch,ld_mismatch,ld_mismatch,0.7557958701253366,uncertain,0,0,0,3.9586955270993305,-3.1808071399751663,4
20260301_204447_w40_lp2_seed0_healthy_r0,healthy,ld_mismatch,ld_mismatch,0.7559096778102641,uncertain,0,0,0,4.1541830795849615,-3.1742521448269336,4
20260301_204447_w40_lp2_seed0_healthy_r1,healthy,healthy,healthy,0.9977479110037251,healthy,0,0,0,3.8002192413277216,-3.2526032732794823,4
20260301_204447_w40_lp2_seed0_healthy_r2,healthy,healthy,healthy,0.9989610389610389,healthy,0,0,0,3.8443413629066656,-3.238901444789734,4
20260301_204447_w40_lp2_seed0_rs_drift_p02,rs_drift,rs_drift,rs_drift,0.9971428571428571,rs_drift,1,1,1,310.5134313079098,-0.6702516800951168,4
20260301_204447_w40_lp2_seed0_rs_drift_p05,rs_drift,rs_drift,rs_drift,0.9985714285714286,rs_drift,1,1,1,1920.516610235256,2.1363230479842787,4
20260301_204447_w40_lp2_seed0_rs_drift_p08,rs_drift,rs_drift,rs_drift,1.0,rs_drift,1,1,1,4913.141200572198,3.8549800569544783,4
20260301_204447_w40_lp2_seed0_rs_drift_p10,rs_drift,rs_drift,rs_drift,1.0,rs_drift,1,1,1,7675.044215060723,4.702597629150008,4
20260301_204447_w40_lp2_seed0_rs_drift_p15,rs_drift,rs_drift,rs_drift,1.0,rs_drift,1,1,1,17261.15333276133,6.268359717997827,4
20260301_204447_w40_lp2_seed0_rs_drift_p20,rs_drift,rs_drift,rs_drift,1.0,rs_drift,1,1,1,30673.31681377195,7.388361268971414,4
20260301_204447_w40_lp2_seed0_rs_drift_p30,rs_drift,rs_drift,rs_drift,1.0,rs_drift,1,1,1,68953.02044252069,8.967685335042031,4
20260301_204447_w40_lp2_seed0_rs_drift_p40,rs_drift,rs_drift,rs_drift,1.0,rs_drift,1,1,1,122468.82023939143,10.083479672034377,4
20260301_204447_w40_lp2_seed0_ld_mismatch_m20,ld_mismatch,ld_mismatch,ld_mismatch,0.7559096778102641,uncertain,0,0,0,4.1541830795849615,-3.1742521448269336,4
20260301_204447_w40_lp2_seed0_ld_mismatch_m10,ld_mismatch,ld_mismatch,ld_mismatch,0.7559096778102641,uncertain,0,0,0,4.1541830795849615,-3.1742521448269336,4
20260301_204447_w40_lp2_seed0_ld_mismatch_m05,ld_mismatch,ld_mismatch,ld_mismatch,0.7559096778102641,uncertain,0,0,0,4.1541830795849615,-3.1742521448269336,4
20260301_204447_w40_lp2_seed0_ld_mismatch_p05,ld_mismatch,ld_mismatch,ld_mismatch,0.7559096778102641,uncertain,0,0,0,4.1541830795849615,-3.1742521448269336,4
20260301_204447_w40_lp2_seed0_ld_mismatch_p10,ld_mismatch,ld_mismatch,ld_mismatch,0.7559096778102641,uncertain,0,0,0,4.1541830795849615,-3.1742521448269336,4
20260301_204447_w40_lp2_seed0_ld_mismatch_p20,ld_mismatch,ld_mismatch,ld_mismatch,0.7559096778102641,uncertain,0,0,0,4.1541830795849615,-3.1742521448269336,4
20260301_204447_w50_lp2_seed1_healthy_r0,healthy,ld_mismatch,ld_mismatch,0.7557958701253366,uncertain,0,0,0,3.9586955270993305,-3.1808071399751663,4
20260301_204447_w50_lp2_seed1_healthy_r1,healthy,healthy,healthy,0.9965624067808942,healthy,0,0,0,3.8767919188215485,-3.192241776158226,4
20260301_204447_w50_lp2_seed1_healthy_r2,healthy,healthy,healthy,1.0,healthy,0,0,0,3.9760277117565566,-3.139234768783161,4
20260301_204447_w50_lp2_seed1_rs_drift_p02,rs_drift,rs_drift,rs_drift,0.9985714285714286,rs_drift,1,1,1,298.40700688307993,-0.39996438684741625,4
20260301_204447_w50_lp2_seed1_rs_drift_p05,rs_drift,rs_drift,rs_drift,1.0,rs_drift,1,1,1,1832.4853993939337,2.6029005140898436,4
20260301_204447_w50_lp2_seed1_rs_drift_p08,rs_drift,rs_drift,rs_drift,1.0,rs_drift,1,1,1,4683.514937121284,4.369810742809639,4
20260301_204447_w50_lp2_seed1_rs_drift_p10,rs_drift,rs_drift,rs_drift,1.0,rs_drift,1,1,1,7315.079750173983,5.229976496167001,4
20260301_204447_w50_lp2_seed1_rs_drift_p15,rs_drift,rs_drift,rs_drift,1.0,rs_drift,1,1,1,16449.21950840072,6.807953231852492,4
20260301_204447_w50_lp2_seed1_rs_drift_p20,rs_drift,rs_drift,rs_drift,1.0,rs_drift,1,1,1,29227.981804943538,7.931315737883741,4
20260301_204447_w50_lp2_seed1_rs_drift_p30,rs_drift,rs_drift,rs_drift,1.0,rs_drift,1,1,1,65690.84892773743,9.510863925372073,4
20260301_204447_w50_lp2_seed1_rs_drift_p40,rs_drift,rs_drift,rs_drift,1.0,rs_drift,1,1,1,116647.46601112495,10.624536017365072,4
20260301_204447_w50_lp2_seed1_ld_mismatch_m20,ld_mismatch,ld_mismatch,ld_mismatch,0.7557958701253366,uncertain,0,0,0,3.9586955270993305,-3.1808071399751663,4
20260301_204447_w50_lp2_seed1_ld_mismatch_m10,ld_mismatch,ld_mismatch,ld_mismatch,0.7557958701253366,uncertain,0,0,0,3.9586955270993305,-3.1808071399751663,4
20260301_204447_w50_lp2_seed1_ld_mismatch_m05,ld_mismatch,ld_mismatch,ld_mismatch,0.7557958701253366,uncertain,0,0,0,3.9586955270993305,-3.1808071399751663,4
20260301_204447_w50_lp2_seed1_ld_mismatch_p05,ld_mismatch,ld_mismatch,ld_mismatch,0.7557958701253366,uncertain,0,0,0,3.9586955270993305,-3.1808071399751663,4
20260301_204447_w50_lp2_seed1_ld_mismatch_p10,ld_mismatch,ld_mismatch,ld_mismatch,0.7557958701253366,uncertain,0,0,0,3.9586955270993305,-3.1808071399751663,4
20260301_204447_w50_lp2_seed1_ld_mismatch_p20,ld_mismatch,ld_mismatch,ld_mismatch,0.7557958701253366,uncertain,0,0,0,3.9586955270993305,-3.1808071399751663,4
20260301_204447_w60_lp1_seed1_healthy_r0,healthy,ld_mismatch,ld_mismatch,0.7557958701253366,uncertain,0,0,0,3.9586955270993305,-3.1808071399751663,4
20260301_204447_w60_lp1_seed1_healthy_r1,healthy,healthy,healthy,0.9965624067808942,healthy,0,0,0,3.8767919188215485,-3.192241776158226,4
20260301_204447_w60_lp1_seed1_healthy_r2,healthy,healthy,healthy,1.0,healthy,0,0,0,3.9760277117565574,-3.1392347687831608,4
20260301_204447_w60_lp1_seed1_rs_drift_p02,rs_drift,rs_drift,rs_drift,0.9971428571428571,rs_drift,1,1,1,186.51108216222343,-1.1273930640216445,4
20260301_204447_w60_lp1_seed1_rs_drift_p05,rs_drift,rs_drift,rs_drift,1.0,rs_drift,1,1,1,1132.6059149524594,1.6755908393470167,4
20260301_204447_w60_lp1_seed1_rs_drift_p08,rs_drift,rs_drift,rs_drift,1.0,rs_drift,1,1,1,2885.046999870849,3.4059583839367518,4
20260301_204447_w60_lp1_seed1_rs_drift_p10,rs_drift,rs_drift,rs_drift,1.0,rs_drift,1,1,1,4501.7353267600165,4.257070151835859,4
20260301_204447_w60_lp1_seed1_rs_drift_p15,rs_drift,rs_drift,rs_drift,1.0,rs_drift,1,1,1,10114.863061306318,5.826055969173652,4
20260301_204447_w60_lp1_seed1_rs_drift_p20,rs_drift,rs_drift,rs_drift,1.0,rs_drift,1,1,1,17976.39762399811,6.9464237662027255,4
20260301_204447_w60_lp1_seed1_rs_drift_p30,rs_drift,rs_drift,rs_drift,1.0,rs_drift,1,1,1,40463.35333266775,8.524109184015153,4
20260301_204447_w60_lp1_seed1_rs_drift_p40,rs_drift,rs_drift,rs_drift,1.0,rs_drift,1,1,1,72008.9143603605,9.637269402813455,4
20260301_204447_w60_lp1_seed1_ld_mismatch_m20,ld_mismatch,ld_mismatch,ld_mismatch,0.7557958701253366,uncertain,0,0,0,3.9586955270993305,-3.1808071399751663,4
20260301_204447_w60_lp1_seed1_ld_mismatch_m10,ld_mismatch,ld_mismatch,ld_mismatch,0.7557958701253366,uncertain,0,0,0,3.9586955270993305,-3.1808071399751663,4
20260301_204447_w60_lp1_seed1_ld_mismatch_m05,ld_mismatch,ld_mismatch,ld_mismatch,0.7557958701253366,uncertain,0,0,0,3.9586955270993305,-3.1808071399751663,4
20260301_204447_w60_lp1_seed1_ld_mismatch_p05,ld_mismatch,ld_mismatch,ld_mismatch,0.7557958701253366,uncertain,0,0,0,3.9586955270993305,-3.1808071399751663,4
20260301_204447_w60_lp1_seed1_ld_mismatch_p10,ld_mismatch,ld_mismatch,ld_mismatch,0.7557958701253366,uncertain,0,0,0,3.9586955270993305,-3.1808071399751663,4
20260301_204447_w60_lp1_seed1_ld_mismatch_p20,ld_mismatch,ld_mismatch,ld_mismatch,0.7557958701253366,uncertain,0,0,0,3.9586955270993305,-3.1808071399751663,4
20260301_204447_w60_lp2_seed0_healthy_r0,healthy,ld_mismatch,ld_mismatch,0.7559096778102641,uncertain,0,0,0,4.154183079584797,-3.1742521448269336,4
20260301_204447_w60_lp2_seed0_healthy_r1,healthy,healthy,healthy,0.9977479110037251,healthy,0,0,0,3.8002192413277216,-3.2526032732794823,4
20260301_204447_w60_lp2_seed0_healthy_r2,healthy,healthy,healthy,0.9989610389610389,healthy,0,0,0,3.8443413629066656,-3.238901444789734,4
20260301_204447_w60_lp2_seed0_rs_drift_p02,rs_drift,rs_drift,rs_drift,0.9985714285714286,rs_drift,1,1,1,282.0040031201936,-0.16505027353868235,4
20260301_204447_w60_lp2_seed0_rs_drift_p05,rs_drift,rs_drift,rs_drift,1.0,rs_drift,1,1,1,1742.0800080339657,2.9799851093847405,4
20260301_204447_w60_lp2_seed0_rs_drift_p08,rs_drift,rs_drift,rs_drift,1.0,rs_drift,1,1,1,4455.780124151087,4.774769870290294,4
20260301_204447_w60_lp2_seed0_rs_drift_p10,rs_drift,rs_drift,rs_drift,1.0,rs_drift,1,1,1,6959.8964951101825,5.641697434024037,4
20260301_204447_w60_lp2_seed0_rs_drift_p15,rs_drift,rs_drift,rs_drift,1.0,rs_drift,1,1,1,15649.326990639205,7.2258539556849914,4
20260301_204447_w60_lp2_seed0_rs_drift_p20,rs_drift,rs_drift,rs_drift,1.0,rs_drift,1,1,1,27803.19307022763,8.35060266581919,4
20260301_204447_w60_lp2_seed0_rs_drift_p30,rs_drift,rs_drift,rs_drift,1.0,rs_drift,1,1,1,62474.76488794165,9.929510694587075,4
20260301_204447_w60_lp2_seed0_rs_drift_p40,rs_drift,rs_drift,rs_drift,1.0,rs_drift,1,1,1,110917.1786838703,11.041352210715875,4
20260301_204447_w60_lp2_seed0_ld_mismatch_m20,ld_mismatch,ld_mismatch,ld_mismatch,0.7559096778102641,uncertain,0,0,0,4.154183079584797,-3.1742521448269336,4
20260301_204447_w60_lp2_seed0_ld_mismatch_m10,ld_mismatch,ld_mismatch,ld_mismatch,0.7559096778102641,uncertain,0,0,0,4.154183079584797,-3.1742521448269336,4
20260301_204447_w60_lp2_seed0_ld_mismatch_m05,ld_mismatch,ld_mismatch,ld_mismatch,0.7559096778102641,uncertain,0,0,0,4.154183079584797,-3.1742521448269336,4
20260301_204447_w60_lp2_seed0_ld_mismatch_p05,ld_mismatch,ld_mismatch,ld_mismatch,0.7559096778102641,uncertain,0,0,0,4.154183079584797,-3.1742521448269336,4
20260301_204447_w60_lp2_seed0_ld_mismatch_p10,ld_mismatch,ld_mismatch,ld_mismatch,0.7559096778102641,uncertain,0,0,0,4.154183079584797,-3.1742521448269336,4
20260301_204447_w60_lp2_seed0_ld_mismatch_p20,ld_mismatch,ld_mismatch,ld_mismatch,0.7559096778102641,uncertain,0,0,0,4.154183079584797,-3.1742521448269336,4
